r/changemyview,r/ideasforcmv,r/CMVLikeIAmA,r/thischangedmyview,r/DeltaLog,r/DeltaBot,r/NotMyShoes,r/changemyneutralview,r/BetterQuestions,r/CMVpodcast,r/neutralnews,r/Showerthoughts,r/TaskForceDeltaBot,r/changemyviewDB3Dev,r/tellmewhyimwrong,r/writingpromptsaudio,r/KarmaCourtBlog,r/IAmA,r/ComebackVideos,r/PodcastSandbox,r/unattributed,r/spblat,r/differ,r/outthere,r/kfi,r/LegalFiction,r/categoricalimperative,r/cmv,r/changemyviewDB3Dev2,r/NeutralTalk,r/recommend,r/movies,r/samsong_nslut,r/shariaaww,r/mehatch,r/DefaultTalk,r/Nexus6P,r/pitchanidea,r/Ladybonersgonecuddly,r/IAlwaysWondered,r/KarmaCourt,r/books,r/MicrosoftWord,r/rage,r/BeansUpYourNose,r/GWBeach2014,r/CaptionPlease,r/IWantToNetworkWith,r/openHS,r/The_Handjob,r/5thelement,r/cringepics,r/StrictDebate,r/SROTD_Archives,r/subredditoftheday,r/shittyhelpdesk,r/livenewslinklists,r/ParrotEmojiFear,r/TinySubredditoftheDay,r/siouxsie_siouxv2,r/ChangeMyView2,r/reddit_themes,r/darkserene,r/PokemonQRRequests,r/PublicSquared,r/ExplainYourView,r/WhatEverHappened,r/serenesingle,r/DeltaLogDB3Dev,r/MorenoValley,r/feministsonly_lobby,r/procon,r/GWCouples,r/gwcz,r/Mlempire,r/kcbar,r/AndroidQuestions,r/rebelunderground,r/RodricDavid,r/metagonewild,r/TheseFuckingAccounts,r/SRDMythos,r/YeezyGOAT,r/aww,r/Accounting,r/SpaceWaffles,r/gweaster2014,r/PitchaShow,r/spambotwatch,r/politics,r/Protagornast,r/19thworldproblems,r/phenomenal,r/Gladiator,r/AdventurePlayers,r/d3s1gnt3sts,r/Deltastore,r/CurmudgeonGamers,r/RoleplayAdventure,r/InternetIsBeautiful,r/audiogonewild,r/IPhoneApps,r/manger,r/reddittalkshow,r/slotcars,r/IAmAHardMode,r/napoleondynamite,r/BestOfReports,r/askayank,r/cliched,r/science,r/androidcirclejerk,r/losersbracket,r/RandomActsOfChristmas,r/kravmaga,r/thanksghoulies,r/PartyParrot,r/qMD,r/BigBoobsGonewild,r/earbleach,r/SubredditDramaX3,r/asksemantics,r/IHazALeef,r/gonewild,r/diana,r/kcbarexam,r/CaesarII,r/54thworldproblems,r/trashy,r/Stupeflip,r/metachangemyview,r/TriageDebate,r/kfi640,r/Futurology,r/changemyviewaudio,r/predictable,r/HDNatureWallpaper,r/askamerica,r/ELI5NSFL,r/fortlauderdale,r/DIY,r/qdiy,r/gwbackup,r/SpacetimeOdyssey,r/AskReddit,r/bjork,r/tifu,r/Android,r/iheartradio,r/FornSed,r/socratics,r/douglasadams,r/gadgets,r/serene,r/gwchristmas2015,r/karmapurgatory,r/dustinmyeye,r/cringe,r/askeconomists,r/pugsintorugs,r/Nexus5,r/rBjorkWiki,r/podhatch,r/AeropressCircleJerk,r/pitchamovie,r/helpmethinklikea,r/ImOnTheFence,r/FidelisCybersecurity,r/HoldMyNip,r/fortloco2014,r/NeutralPolitics,r/convocesStories,r/cwenham,r/pics,r/darkserenesingle,r/CAESAR2,r/treesgonewild
420,314,209,189,105,104,84,63,62,63,42,42,41,42,21,21,20,21,20,21,21,20,20,21,21,21,21,21,21,21,21,21,21,21,21,21,21,21,21,20,20,21,21,21,21,21,20,21,21,21,21,21,21,20,20,21,21,21,20,21,21,21,21,21,21,21,20,21,21,21,20,21,21,21,21,20,21,21,21,21,21,21,20,21,20,21,21,21,21,21,21,21,21,21,21,20,20,21,21,21,21,21,21,21,20,21,21,21,20,21,21,21,21,21,21,21,21,21,21,21,21,21,21,21,20,20,21,21,21,20,20,21,21,21,21,21,21,20,21,21,21,21,21,21,21,20,21,21,21,21,20,20,21,21,21,21,20,21,21,21,21,20,21,21,21,20,21,20,21,21,21,21,21,21,21,21,21
314,240,159,144,79,79,64,48,47,48,32,30,32,32,16,16,15,15,15,16,16,15,15,16,16,16,16,16,16,16,15,15,16,16,16,16,15,16,15,15,15,15,16,15,16,15,15,16,15,16,16,15,16,15,15,15,16,16,15,16,16,15,15,15,16,16,15,15,16,16,15,16,15,15,16,15,15,16,16,15,16,15,15,16,15,16,15,16,16,15,16,16,16,16,16,15,15,16,16,15,15,15,16,16,15,16,16,16,15,16,15,15,16,15,16,16,16,15,15,16,15,16,16,15,15,15,16,16,16,15,15,16,16,15,16,16,16,15,16,15,15,15,15,16,15,15,15,15,16,16,15,15,15,15,15,16,15,15,16,16,15,15,16,16,16,15,16,15,16,15,16,16,16,16,15,16,15
209,159,110,96,54,54,41,32,31,31,20,20,22,22,10,11,10,10,10,10,10,10,10,10,10,10,10,11,11,10,10,10,11,10,10,11,10,10,10,10,10,10,10,10,11,10,10,11,10,11,10,10,10,10,10,10,10,11,10,11,10,10,10,10,10,10,10,10,11,10,10,10,10,10,11,10,10,10,10,10,11,10,10,11,10,10,10,10,11,10,10,10,10,10,11,10,10,10,11,10,10,10,10,10,10,10,10,11,10,10,10,10,10,10,11,10,11,10,10,10,10,10,11,10,10,10,10,10,11,10,10,10,10,10,10,10,11,10,10,10,10,10,10,10,10,10,10,10,10,11,10,10,10,10,10,10,10,10,10,10,10,10,10,11,10,10,11,10,11,10,10,11,11,11,10,10,10
189,144,96,90,48,48,37,30,28,28,18,18,19,19,10,10,9,9,9,10,9,9,9,10,10,9,10,9,9,9,9,9,10,10,10,10,9,10,9,9,9,9,10,9,10,9,9,10,9,10,10,9,10,9,9,9,10,10,9,10,9,9,9,9,9,9,9,9,9,10,9,9,9,9,10,9,9,10,10,9,10,9,9,10,9,10,9,10,10,9,9,10,10,10,10,9,9,9,10,9,9,9,10,10,9,10,10,10,9,10,9,9,10,9,10,10,10,9,9,10,9,10,10,9,9,9,10,10,10,9,9,10,10,9,10,10,10,9,10,9,9,9,9,10,9,9,9,9,10,10,9,9,9,9,9,10,9,9,10,10,9,9,10,10,10,9,10,9,10,9,9,10,10,10,9,10,9
105,79,54,48,30,28,21,17,16,16,10,10,11,12,5,5,5,5,5,5,5,5,5,5,5,5,5,6,6,5,5,5,5,5,5,6,5,5,5,5,5,5,5,5,6,5,5,5,5,6,5,5,5,5,5,5,5,6,5,6,5,5,5,5,5,5,5,5,6,5,5,5,5,5,6,5,5,5,5,5,6,5,5,6,5,5,5,5,6,5,5,5,5,5,5,5,5,5,5,5,5,5,5,5,5,5,5,6,5,5,5,5,5,5,5,5,6,5,5,5,5,5,6,5,5,5,5,5,6,5,5,5,5,5,5,5,6,5,5,5,5,5,5,5,5,5,5,5,5,5,5,5,5,5,5,5,5,5,5,5,5,5,5,6,5,5,6,5,6,5,5,5,6,6,5,5,5
104,79,54,48,28,30,21,17,16,16,10,10,11,12,5,6,5,5,5,5,5,5,5,5,5,5,5,6,6,5,5,5,5,5,5,5,5,5,5,5,5,5,5,5,5,5,5,6,5,5,5,5,5,5,5,5,5,5,5,5,5,5,5,5,5,5,5,5,6,5,5,5,5,5,5,5,5,5,5,5,5,5,5,5,5,5,5,5,5,5,5,5,5,5,5,5,5,5,5,5,5,5,5,5,5,5,5,5,5,5,5,5,5,5,5,5,5,5,5,5,5,5,5,5,5,5,5,5,5,5,5,5,5,5,5,5,5,5,5,5,5,5,5,5,5,5,5,5,5,5,5,5,5,5,5,5,5,5,5,5,5,5,5,5,5,5,6,5,5,5,5,6,5,5,5,5,5
84,64,41,37,21,21,20,12,12,15,10,8,8,9,5,4,4,4,4,5,4,4,4,5,5,5,5,5,5,5,4,4,4,5,5,4,4,5,4,4,4,4,5,4,4,4,4,4,4,4,5,4,5,4,4,4,5,4,4,4,4,4,4,4,5,4,4,4,5,5,4,4,4,4,4,4,4,5,5,4,4,4,4,4,4,5,4,5,4,4,4,5,5,5,4,4,4,5,4,4,4,4,5,5,4,5,5,4,4,5,4,4,5,4,4,5,4,4,4,5,4,5,4,4,4,4,5,5,4,4,4,5,5,4,5,5,4,4,5,4,4,4,4,5,4,4,4,4,5,4,4,4,4,4,4,5,4,4,5,5,4,4,5,4,5,4,4,4,4,4,5,4,4,4,4,5,4
63,48,32,30,17,17,12,12,10,9,6,6,7,7,3,3,3,3,3,3,3,3,3,3,3,3,3,3,3,3,3,3,3,3,3,3,3,3,3,3,3,3,3,3,3,3,3,3,3,3,3,3,3,3,3,3,3,3,3,3,3,3,3,3,3,3,3,3,3,3,3,3,3,3,3,3,3,3,3,3,3,3,3,3,3,3,3,3,3,3,3,3,3,3,3,3,3,3,3,3,3,3,3,3,3,3,3,3,3,3,3,3,3,3,3,3,3,3,3,3,3,3,3,3,3,3,3,3,3,3,3,3,3,3,3,3,3,3,3,3,3,3,3,3,3,3,3,3,3,3,3,3,3,3,3,3,3,3,3,3,3,3,3,3,3,3,4,3,3,3,3,3,3,3,3,3,3
62,47,31,28,16,16,12,10,12,9,6,6,6,6,3,3,3,3,3,3,4,4,4,3,3,3,3,3,3,3,3,3,3,3,3,3,3,3,3,3,3,3,3,3,3,3,3,3,3,3,3,3,3,3,3,3,3,3,3,3,4,3,3,3,3,4,3,3,3,3,4,4,3,3,3,3,3,3,3,3,3,3,3,3,3,3,3,3,3,3,4,3,3,3,3,3,3,3,3,3,3,3,3,3,3,3,3,3,3,3,3,3,3,3,3,3,3,3,3,3,3,3,3,3,3,3,3,3,3,3,4,3,3,3,3,3,3,3,3,3,3,3,3,3,3,3,3,3,3,3,4,3,3,3,3,3,3,3,3,3,3,3,3,3,3,3,4,4,3,3,3,3,3,3,3,3,3
63,48,31,28,16,16,15,9,9,12,7,6,6,7,4,3,3,3,3,4,3,3,3,4,4,4,4,4,4,3,3,3,3,4,4,3,3,4,3,3,3,3,4,3,3,3,3,3,3,3,4,3,4,3,3,3,4,3,3,3,3,3,3,3,4,3,3,3,4,4,3,3,3,3,3,3,3,4,4,3,3,3,3,3,3,4,3,4,3,3,3,4,4,4,3,3,3,4,3,3,3,3,4,4,3,4,4,3,3,4,3,3,4,3,3,4,3,3,3,4,3,4,3,3,3,3,4,4,3,3,3,4,4,3,4,4,3,3,4,3,3,3,3,4,3,3,3,3,4,3,3,3,3,3,3,4,3,3,4,4,3,3,4,3,4,3,3,3,3,3,3,3,3,3,3,4,3
42,32,20,18,10,10,10,6,6,7,6,4,4,4,2,2,2,2,2,2,2,2,2,2,2,3,2,2,2,3,2,2,2,2,2,2,2,2,2,2,2,2,2,2,2,2,2,2,2,2,2,2,2,2,2,2,2,2,2,2,2,2,2,2,3,2,2,2,2,2,2,2,2,2,2,2,2,2,2,2,2,2,2,2,2,2,2,2,2,2,2,2,2,2,2,2,2,3,2,2,2,2,2,2,2,2,2,2,2,2,2,2,2,2,2,2,2,2,2,2,2,2,2,2,2,2,2,2,2,2,2,2,2,2,2,2,2,2,2,2,2,2,2,2,2,2,2,2,2,2,2,2,2,2,2,2,2,2,2,2,2,2,2,2,2,2,2,2,2,2,3,2,2,2,2,2,2
42,30,20,18,10,10,8,6,6,6,4,6,4,4,2,2,2,3,2,2,2,2,2,2,2,2,2,2,2,2,3,3,2,2,2,2,2,2,3,2,2,3,2,3,2,3,2,2,3,2,2,3,2,2,2,3,2,2,2,2,2,3,3,2,2,2,2,3,2,2,2,2,3,3,2,2,3,2,2,3,2,3,2,2,2,2,3,2,2,3,2,2,2,2,2,2,2,2,2,2,3,2,2,2,2,2,2,2,2,2,3,3,2,3,2,2,2,3,3,2,3,2,2,3,2,2,2,2,2,2,2,2,2,2,2,2,2,2,2,3,3,3,3,2,3,2,3,3,2,2,2,2,3,3,3,2,2,3,2,2,2,2,2,2,2,2,2,2,2,3,2,2,2,2,3,2,3
41,32,22,19,11,11,8,7,6,6,4,4,6,5,2,2,2,2,2,2,2,2,2,2,2,2,2,2,2,2,2,2,2,2,2,2,2,2,2,2,2,2,2,2,2,2,2,2,2,2,2,2,2,2,2,2,2,2,2,2,2,2,2,2,2,2,2,2,2,2,2,2,2,2,2,2,2,2,2,2,2,2,2,2,2,2,2,2,2,2,2,2,2,2,2,2,2,2,2,2,2,2,2,2,2,2,2,2,2,2,2,2,2,2,2,2,2,2,2,2,2,2,2,2,2,2,2,2,2,2,2,2,2,2,2,2,2,2,2,2,2,2,2,2,2,2,2,2,2,2,2,2,2,2,2,2,2,2,2,2,2,2,2,2,2,2,2,2,2,2,2,2,2,2,2,2,2
42,32,22,19,12,12,9,7,6,7,4,4,5,6,2,2,2,2,2,2,2,2,2,2,2,2,2,3,3,2,2,2,2,2,2,2,2,2,2,2,2,2,2,2,2,2,2,2,2,2,2,2,2,2,2,2,2,2,2,2,2,2,2,2,2,2,2,2,3,2,2,2,2,2,2,2,2,2,2,2,2,2,2,2,2,2,2,2,2,2,2,2,2,2,2,2,2,2,2,2,2,2,2,2,2,2,2,2,2,2,2,2,2,2,2,2,2,2,2,2,2,2,2,2,2,2,2,2,2,2,2,2,2,2,2,2,2,2,2,2,2,2,2,2,2,2,2,2,2,2,2,2,2,2,2,2,2,2,2,2,2,2,2,2,2,2,2,2,2,2,2,2,2,2,2,2,2
21,16,10,10,5,5,5,3,3,4,2,2,2,2,2,1,1,1,1,2,1,1,1,2,2,1,2,1,1,1,1,1,1,2,2,1,1,2,1,1,1,1,2,1,1,1,1,1,1,1,2,1,2,1,1,1,2,1,1,1,1,1,1,1,1,1,1,1,1,2,1,1,1,1,1,1,1,2,2,1,1,1,1,1,1,2,1,2,1,1,1,2,2,2,1,1,1,1,1,1,1,1,2,2,1,2,2,1,1,2,1,1,2,1,1,2,1,1,1,2,1,2,1,1,1,1,2,2,1,1,1,2,2,1,2,2,1,1,2,1,1,1,1,2,1,1,1,1,2,1,1,1,1,1,1,2,1,1,2,2,1,1,2,1,2,1,1,1,1,1,1,1,1,1,1,2,1
21,16,11,10,5,6,4,3,3,3,2,2,2,2,1,2,1,1,1,1,1,1,1,1,1,1,1,1,1,1,1,1,1,1,1,1,1,1,1,1,1,1,1,1,1,1,1,2,1,1,1,1,1,1,1,1,1,1,1,1,1,1,1,1,1,1,1,1,1,1,1,1,1,1,1,1,1,1,1,1,1,1,1,1,1,1,1,1,1,1,1,1,1,1,1,1,1,1,1,1,1,1,1,1,1,1,1,1,1,1,1,1,1,1,1,1,1,1,1,1,1,1,1,1,1,1,1,1,1,1,1,1,1,1,1,1,1,1,1,1,1,1,1,1,1,1,1,1,1,1,1,1,1,1,1,1,1,1,1,1,1,1,1,1,1,1,1,1,1,1,1,2,1,1,1,1,1
20,15,10,9,5,5,4,3,3,3,2,2,2,2,1,1,2,1,1,1,1,1,1,1,1,1,1,1,1,1,1,1,1,1,1,1,1,1,1,1,2,1,1,1,1,1,2,1,1,1,1,1,1,2,2,1,1,1,2,1,1,1,1,1,1,1,1,1,1,1,1,1,1,1,1,2,1,1,1,1,1,1,1,1,1,1,1,1,1,1,1,1,1,1,1,2,1,1,1,1,1,1,1,1,2,1,1,1,1,1,1,1,1,1,1,1,1,1,1,1,1,1,1,1,2,2,1,1,1,2,1,1,1,1,1,1,1,1,1,1,1,1,1,1,1,2,1,1,1,1,1,1,1,1,1,1,1,1,1,1,1,2,1,1,1,2,1,1,1,1,1,1,1,1,1,1,1
21,15,10,9,5,5,4,3,3,3,2,3,2,2,1,1,1,2,1,1,1,1,1,1,1,1,1,1,1,1,2,2,1,1,1,1,1,1,2,1,1,2,1,1,1,2,1,1,2,1,1,1,1,1,1,2,1,1,1,1,1,2,2,1,1,1,1,2,1,1,1,1,2,2,1,1,1,1,1,2,1,1,1,1,1,1,2,1,1,2,1,1,1,1,1,1,1,1,1,1,2,1,1,1,1,1,1,1,1,1,2,1,1,2,1,1,1,2,2,1,1,1,1,2,1,1,1,1,1,1,1,1,1,1,1,1,1,1,1,2,2,2,2,1,2,1,2,1,1,1,1,1,2,2,2,1,1,1,1,1,1,1,1,1,1,1,1,1,1,2,1,1,1,1,2,1,2
20,15,10,9,5,5,4,3,3,3,2,2,2,2,1,1,1,1,2,1,1,1,1,1,1,1,1,1,1,1,1,1,1,1,1,1,1,1,1,1,1,1,1,1,1,1,1,1,1,1,1,1,1,1,1,1,1,1,1,1,1,1,1,1,1,1,1,1,1,1,1,1,1,1,1,1,1,1,1,1,1,1,1,1,1,1,1,1,1,1,1,1,1,1,1,1,2,1,1,1,1,1,1,1,1,1,1,1,1,1,1,1,1,1,1,1,1,1,1,1,1,1,1,1,1,1,1,1,1,1,1,1,1,1,1,1,1,1,1,1,1,1,1,1,1,1,1,1,1,1,1,1,1,1,1,1,1,1,1,1,1,1,1,1,1,1,1,1,1,1,1,1,1,1,1,1,1
21,16,10,10,5,5,5,3,3,4,2,2,2,2,2,1,1,1,1,2,1,1,1,2,2,1,2,1,1,1,1,1,1,2,2,1,1,2,1,1,1,1,2,1,1,1,1,1,1,1,2,1,2,1,1,1,2,1,1,1,1,1,1,1,1,1,1,1,1,2,1,1,1,1,1,1,1,2,2,1,1,1,1,1,1,2,1,2,1,1,1,2,2,2,1,1,1,1,1,1,1,1,2,2,1,2,2,1,1,2,1,1,2,1,1,2,1,1,1,2,1,2,1,1,1,1,2,2,1,1,1,2,2,1,2,2,1,1,2,1,1,1,1,2,1,1,1,1,2,1,1,1,1,1,1,2,1,1,2,2,1,1,2,1,2,1,1,1,1,1,1,1,1,1,1,2,1
21,16,10,9,5,5,4,3,4,3,2,2,2,2,1,1,1,1,1,1,2,1,1,1,1,1,1,1,1,1,1,1,1,1,1,1,1,1,1,1,1,1,1,1,1,1,1,1,1,1,1,1,1,1,1,1,1,1,1,1,2,1,1,1,1,2,1,1,1,1,1,2,1,1,1,1,1,1,1,1,1,1,1,1,1,1,1,1,1,1,2,1,1,1,1,1,1,1,1,1,1,1,1,1,1,1,1,1,1,1,1,1,1,1,1,1,1,1,1,1,1,1,1,1,1,1,1,1,1,1,1,1,1,1,1,1,1,1,1,1,1,1,1,1,1,1,1,1,1,1,1,1,1,1,1,1,1,1,1,1,1,1,1,1,1,1,1,1,1,1,1,1,1,1,1,1,1
20,15,10,9,5,5,4,3,4,3,2,2,2,2,1,1,1,1,1,1,1,2,2,1,1,1,1,1,1,1,1,1,1,1,1,1,1,1,1,1,1,1,1,1,1,1,1,1,1,1,1,1,1,1,1,1,1,1,1,1,1,1,1,1,1,1,1,1,1,1,2,1,1,1,1,1,1,1,1,1,1,1,1,1,1,1,1,1,1,1,1,1,1,1,1,1,1,1,1,1,1,1,1,1,1,1,1,1,1,1,1,1,1,1,1,1,1,1,1,1,1,1,1,1,1,1,1,1,1,1,2,1,1,1,1,1,1,1,1,1,1,1,1,1,1,1,1,1,1,1,2,1,1,1,1,1,1,1,1,1,1,1,1,1,1,1,1,2,1,1,1,1,1,1,1,1,1
20,15,10,9,5,5,4,3,4,3,2,2,2,2,1,1,1,1,1,1,1,2,2,1,1,1,1,1,1,1,1,1,1,1,1,1,1,1,1,1,1,1,1,1,1,1,1,1,1,1,1,1,1,1,1,1,1,1,1,1,1,1,1,1,1,1,1,1,1,1,2,1,1,1,1,1,1,1,1,1,1,1,1,1,1,1,1,1,1,1,1,1,1,1,1,1,1,1,1,1,1,1,1,1,1,1,1,1,1,1,1,1,1,1,1,1,1,1,1,1,1,1,1,1,1,1,1,1,1,1,2,1,1,1,1,1,1,1,1,1,1,1,1,1,1,1,1,1,1,1,2,1,1,1,1,1,1,1,1,1,1,1,1,1,1,1,1,2,1,1,1,1,1,1,1,1,1
21,16,10,10,5,5,5,3,3,4,2,2,2,2,2,1,1,1,1,2,1,1,1,2,2,1,2,1,1,1,1,1,1,2,2,1,1,2,1,1,1,1,2,1,1,1,1,1,1,1,2,1,2,1,1,1,2,1,1,1,1,1,1,1,1,1,1,1,1,2,1,1,1,1,1,1,1,2,2,1,1,1,1,1,1,2,1,2,1,1,1,2,2,2,1,1,1,1,1,1,1,1,2,2,1,2,2,1,1,2,1,1,2,1,1,2,1,1,1,2,1,2,1,1,1,1,2,2,1,1,1,2,2,1,2,2,1,1,2,1,1,1,1,2,1,1,1,1,2,1,1,1,1,1,1,2,1,1,2,2,1,1,2,1,2,1,1,1,1,1,1,1,1,1,1,2,1
21,16,10,10,5,5,5,3,3,4,2,2,2,2,2,1,1,1,1,2,1,1,1,2,2,1,2,1,1,1,1,1,1,2,2,1,1,2,1,1,1,1,2,1,1,1,1,1,1,1,2,1,2,1,1,1,2,1,1,1,1,1,1,1,1,1,1,1,1,2,1,1,1,1,1,1,1,2,2,1,1,1,1,1,1,2,1,2,1,1,1,2,2,2,1,1,1,1,1,1,1,1,2,2,1,2,2,1,1,2,1,1,2,1,1,2,1,1,1,2,1,2,1,1,1,1,2,2,1,1,1,2,2,1,2,2,1,1,2,1,1,1,1,2,1,1,1,1,2,1,1,1,1,1,1,2,1,1,2,2,1,1,2,1,2,1,1,1,1,1,1,1,1,1,1,2,1
21,16,10,9,5,5,5,3,3,4,3,2,2,2,1,1,1,1,1,1,1,1,1,1,1,2,1,1,1,1,1,1,1,1,1,1,1,1,1,1,1,1,1,1,1,1,1,1,1,1,1,1,1,1,1,1,1,1,1,1,1,1,1,1,2,1,1,1,1,1,1,1,1,1,1,1,1,1,1,1,1,1,1,1,1,1,1,1,1,1,1,1,1,1,1,1,1,2,1,1,1,1,1,1,1,1,1,1,1,1,1,1,1,1,1,1,1,1,1,1,1,1,1,1,1,1,1,1,1,1,1,1,1,1,1,1,1,1,1,1,1,1,1,1,1,1,1,1,1,1,1,1,1,1,1,1,1,1,1,1,1,1,1,1,1,1,1,1,1,1,1,1,1,1,1,1,1
21,16,10,10,5,5,5,3,3,4,2,2,2,2,2,1,1,1,1,2,1,1,1,2,2,1,2,1,1,1,1,1,1,2,2,1,1,2,1,1,1,1,2,1,1,1,1,1,1,1,2,1,2,1,1,1,2,1,1,1,1,1,1,1,1,1,1,1,1,2,1,1,1,1,1,1,1,2,2,1,1,1,1,1,1,2,1,2,1,1,1,2,2,2,1,1,1,1,1,1,1,1,2,2,1,2,2,1,1,2,1,1,2,1,1,2,1,1,1,2,1,2,1,1,1,1,2,2,1,1,1,2,2,1,2,2,1,1,2,1,1,1,1,2,1,1,1,1,2,1,1,1,1,1,1,2,1,1,2,2,1,1,2,1,2,1,1,1,1,1,1,1,1,1,1,2,1
21,16,11,9,6,6,5,3,3,4,2,2,2,3,1,1,1,1,1,1,1,1,1,1,1,1,1,2,2,1,1,1,1,1,1,1,1,1,1,1,1,1,1,1,1,1,1,1,1,1,1,1,1,1,1,1,1,1,1,1,1,1,1,1,1,1,1,1,2,1,1,1,1,1,1,1,1,1,1,1,1,1,1,1,1,1,1,1,1,1,1,1,1,1,1,1,1,1,1,1,1,1,1,1,1,1,1,1,1,1,1,1,1,1,1,1,1,1,1,1,1,1,1,1,1,1,1,1,1,1,1,1,1,1,1,1,1,1,1,1,1,1,1,1,1,1,1,1,1,1,1,1,1,1,1,1,1,1,1,1,1,1,1,1,1,1,1,1,1,1,1,1,1,1,1,1,1
21,16,11,9,6,6,5,3,3,4,2,2,2,3,1,1,1,1,1,1,1,1,1,1,1,1,1,2,2,1,1,1,1,1,1,1,1,1,1,1,1,1,1,1,1,1,1,1,1,1,1,1,1,1,1,1,1,1,1,1,1,1,1,1,1,1,1,1,2,1,1,1,1,1,1,1,1,1,1,1,1,1,1,1,1,1,1,1,1,1,1,1,1,1,1,1,1,1,1,1,1,1,1,1,1,1,1,1,1,1,1,1,1,1,1,1,1,1,1,1,1,1,1,1,1,1,1,1,1,1,1,1,1,1,1,1,1,1,1,1,1,1,1,1,1,1,1,1,1,1,1,1,1,1,1,1,1,1,1,1,1,1,1,1,1,1,1,1,1,1,1,1,1,1,1,1,1
21,16,10,9,5,5,5,3,3,3,3,2,2,2,1,1,1,1,1,1,1,1,1,1,1,1,1,1,1,2,1,1,1,1,1,1,1,1,1,1,1,1,1,1,1,1,1,1,1,1,1,1,1,1,1,1,1,1,1,1,1,1,1,1,1,1,1,1,1,1,1,1,1,1,1,1,1,1,1,1,1,1,1,1,1,1,1,1,1,1,1,1,1,1,1,1,1,1,1,1,1,1,1,1,1,1,1,1,1,1,1,1,1,1,1,1,1,1,1,1,1,1,1,1,1,1,1,1,1,1,1,1,1,1,1,1,1,1,1,1,1,1,1,1,1,1,1,1,1,1,1,1,1,1,1,1,1,1,1,1,1,1,1,1,1,1,1,1,1,1,2,1,1,1,1,1,1
21,15,10,9,5,5,4,3,3,3,2,3,2,2,1,1,1,2,1,1,1,1,1,1,1,1,1,1,1,1,2,2,1,1,1,1,1,1,2,1,1,2,1,1,1,2,1,1,2,1,1,1,1,1,1,2,1,1,1,1,1,2,2,1,1,1,1,2,1,1,1,1,2,2,1,1,1,1,1,2,1,1,1,1,1,1,2,1,1,2,1,1,1,1,1,1,1,1,1,1,2,1,1,1,1,1,1,1,1,1,2,1,1,2,1,1,1,2,2,1,1,1,1,2,1,1,1,1,1,1,1,1,1,1,1,1,1,1,1,2,2,2,2,1,2,1,2,1,1,1,1,1,2,2,2,1,1,1,1,1,1,1,1,1,1,1,1,1,1,2,1,1,1,1,2,1,2
21,15,10,9,5,5,4,3,3,3,2,3,2,2,1,1,1,2,1,1,1,1,1,1,1,1,1,1,1,1,2,2,1,1,1,1,1,1,2,1,1,2,1,1,1,2,1,1,2,1,1,1,1,1,1,2,1,1,1,1,1,2,2,1,1,1,1,2,1,1,1,1,2,2,1,1,1,1,1,2,1,1,1,1,1,1,2,1,1,2,1,1,1,1,1,1,1,1,1,1,2,1,1,1,1,1,1,1,1,1,2,1,1,2,1,1,1,2,2,1,1,1,1,2,1,1,1,1,1,1,1,1,1,1,1,1,1,1,1,2,2,2,2,1,2,1,2,1,1,1,1,1,2,2,2,1,1,1,1,1,1,1,1,1,1,1,1,1,1,2,1,1,1,1,2,1,2
21,16,11,10,5,5,4,3,3,3,2,2,2,2,1,1,1,1,1,1,1,1,1,1,1,1,1,1,1,1,1,1,2,1,1,1,1,1,1,1,1,1,1,1,1,1,1,1,1,1,1,1,1,1,1,1,1,1,1,1,1,1,1,1,1,1,1,1,1,1,1,1,1,1,1,1,1,1,1,1,1,1,1,1,1,1,1,1,1,1,1,1,1,1,1,1,1,1,1,1,1,1,1,1,1,1,1,1,1,1,1,1,1,1,2,1,1,1,1,1,1,1,1,1,1,1,1,1,1,1,1,1,1,1,1,1,1,1,1,1,1,1,1,1,1,1,1,1,1,2,1,1,1,1,1,1,1,1,1,1,1,1,1,1,1,1,1,1,1,1,1,1,1,1,1,1,1
21,16,10,10,5,5,5,3,3,4,2,2,2,2,2,1,1,1,1,2,1,1,1,2,2,1,2,1,1,1,1,1,1,2,2,1,1,2,1,1,1,1,2,1,1,1,1,1,1,1,2,1,2,1,1,1,2,1,1,1,1,1,1,1,1,1,1,1,1,2,1,1,1,1,1,1,1,2,2,1,1,1,1,1,1,2,1,2,1,1,1,2,2,2,1,1,1,1,1,1,1,1,2,2,1,2,2,1,1,2,1,1,2,1,1,2,1,1,1,2,1,2,1,1,1,1,2,2,1,1,1,2,2,1,2,2,1,1,2,1,1,1,1,2,1,1,1,1,2,1,1,1,1,1,1,2,1,1,2,2,1,1,2,1,2,1,1,1,1,1,1,1,1,1,1,2,1
21,16,10,10,5,5,5,3,3,4,2,2,2,2,2,1,1,1,1,2,1,1,1,2,2,1,2,1,1,1,1,1,1,2,2,1,1,2,1,1,1,1,2,1,1,1,1,1,1,1,2,1,2,1,1,1,2,1,1,1,1,1,1,1,1,1,1,1,1,2,1,1,1,1,1,1,1,2,2,1,1,1,1,1,1,2,1,2,1,1,1,2,2,2,1,1,1,1,1,1,1,1,2,2,1,2,2,1,1,2,1,1,2,1,1,2,1,1,1,2,1,2,1,1,1,1,2,2,1,1,1,2,2,1,2,2,1,1,2,1,1,1,1,2,1,1,1,1,2,1,1,1,1,1,1,2,1,1,2,2,1,1,2,1,2,1,1,1,1,1,1,1,1,1,1,2,1
21,16,11,10,6,5,4,3,3,3,2,2,2,2,1,1,1,1,1,1,1,1,1,1,1,1,1,1,1,1,1,1,1,1,1,2,1,1,1,1,1,1,1,1,2,1,1,1,1,2,1,1,1,1,1,1,1,2,1,2,1,1,1,1,1,1,1,1,1,1,1,1,1,1,2,1,1,1,1,1,2,1,1,2,1,1,1,1,2,1,1,1,1,1,1,1,1,1,1,1,1,1,1,1,1,1,1,2,1,1,1,1,1,1,1,1,2,1,1,1,1,1,2,1,1,1,1,1,2,1,1,1,1,1,1,1,2,1,1,1,1,1,1,1,1,1,1,1,1,1,1,1,1,1,1,1,1,1,1,1,1,1,1,2,1,1,1,1,2,1,1,1,2,2,1,1,1
21,15,10,9,5,5,4,3,3,3,2,2,2,2,1,1,1,1,1,1,1,1,1,1,1,1,1,1,1,1,1,1,1,1,1,1,2,1,1,1,1,1,1,1,1,1,1,1,1,1,1,1,1,1,1,1,1,1,1,1,1,1,1,2,1,1,1,1,1,1,1,1,1,1,1,1,1,1,1,1,1,1,1,1,1,1,1,1,1,1,1,1,1,1,1,1,1,1,1,2,1,2,1,1,1,1,1,1,1,1,1,1,1,1,1,1,1,1,1,1,1,1,1,1,1,1,1,1,1,1,1,1,1,2,1,1,1,1,1,1,1,1,1,1,1,1,1,1,1,1,1,1,1,1,1,1,1,1,1,1,2,1,1,1,1,1,1,1,1,1,1,1,1,1,1,1,1
21,16,10,10,5,5,5,3,3,4,2,2,2,2,2,1,1,1,1,2,1,1,1,2,2,1,2,1,1,1,1,1,1,2,2,1,1,2,1,1,1,1,2,1,1,1,1,1,1,1,2,1,2,1,1,1,2,1,1,1,1,1,1,1,1,1,1,1,1,2,1,1,1,1,1,1,1,2,2,1,1,1,1,1,1,2,1,2,1,1,1,2,2,2,1,1,1,1,1,1,1,1,2,2,1,2,2,1,1,2,1,1,2,1,1,2,1,1,1,2,1,2,1,1,1,1,2,2,1,1,1,2,2,1,2,2,1,1,2,1,1,1,1,2,1,1,1,1,2,1,1,1,1,1,1,2,1,1,2,2,1,1,2,1,2,1,1,1,1,1,1,1,1,1,1,2,1
21,15,10,9,5,5,4,3,3,3,2,3,2,2,1,1,1,2,1,1,1,1,1,1,1,1,1,1,1,1,2,2,1,1,1,1,1,1,2,1,1,2,1,1,1,2,1,1,2,1,1,1,1,1,1,2,1,1,1,1,1,2,2,1,1,1,1,2,1,1,1,1,2,2,1,1,1,1,1,2,1,1,1,1,1,1,2,1,1,2,1,1,1,1,1,1,1,1,1,1,2,1,1,1,1,1,1,1,1,1,2,1,1,2,1,1,1,2,2,1,1,1,1,2,1,1,1,1,1,1,1,1,1,1,1,1,1,1,1,2,2,2,2,1,2,1,2,1,1,1,1,1,2,2,2,1,1,1,1,1,1,1,1,1,1,1,1,1,1,2,1,1,1,1,2,1,2
20,15,10,9,5,5,4,3,3,3,2,2,2,2,1,1,1,1,1,1,1,1,1,1,1,1,1,1,1,1,1,1,1,1,1,1,1,1,1,2,1,1,1,1,1,1,1,1,1,1,1,1,1,1,1,1,1,1,1,1,1,1,1,1,1,1,2,1,1,1,1,1,1,1,1,1,1,1,1,1,1,1,1,1,1,1,1,1,1,1,1,1,1,1,1,1,1,1,1,1,1,1,1,1,1,1,1,1,2,1,1,1,1,1,1,1,1,1,1,1,1,1,1,1,1,1,1,1,1,1,1,1,1,1,1,1,1,2,1,1,1,1,1,1,1,1,1,1,1,1,1,2,1,1,1,1,2,1,1,1,1,1,1,1,1,1,1,1,1,1,1,1,1,1,1,1,1
20,15,10,9,5,5,4,3,3,3,2,2,2,2,1,1,2,1,1,1,1,1,1,1,1,1,1,1,1,1,1,1,1,1,1,1,1,1,1,1,2,1,1,1,1,1,2,1,1,1,1,1,1,2,2,1,1,1,2,1,1,1,1,1,1,1,1,1,1,1,1,1,1,1,1,2,1,1,1,1,1,1,1,1,1,1,1,1,1,1,1,1,1,1,1,2,1,1,1,1,1,1,1,1,2,1,1,1,1,1,1,1,1,1,1,1,1,1,1,1,1,1,1,1,2,2,1,1,1,2,1,1,1,1,1,1,1,1,1,1,1,1,1,1,1,2,1,1,1,1,1,1,1,1,1,1,1,1,1,1,1,2,1,1,1,2,1,1,1,1,1,1,1,1,1,1,1
21,15,10,9,5,5,4,3,3,3,2,3,2,2,1,1,1,2,1,1,1,1,1,1,1,1,1,1,1,1,2,2,1,1,1,1,1,1,2,1,1,2,1,1,1,2,1,1,2,1,1,1,1,1,1,2,1,1,1,1,1,2,2,1,1,1,1,2,1,1,1,1,2,2,1,1,1,1,1,2,1,1,1,1,1,1,2,1,1,2,1,1,1,1,1,1,1,1,1,1,2,1,1,1,1,1,1,1,1,1,2,1,1,2,1,1,1,2,2,1,1,1,1,2,1,1,1,1,1,1,1,1,1,1,1,1,1,1,1,2,2,2,2,1,2,1,2,1,1,1,1,1,2,2,2,1,1,1,1,1,1,1,1,1,1,1,1,1,1,2,1,1,1,1,2,1,2
21,16,10,10,5,5,5,3,3,4,2,2,2,2,2,1,1,1,1,2,1,1,1,2,2,1,2,1,1,1,1,1,1,2,2,1,1,2,1,1,1,1,2,1,1,1,1,1,1,1,2,1,2,1,1,1,2,1,1,1,1,1,1,1,1,1,1,1,1,2,1,1,1,1,1,1,1,2,2,1,1,1,1,1,1,2,1,2,1,1,1,2,2,2,1,1,1,1,1,1,1,1,2,2,1,2,2,1,1,2,1,1,2,1,1,2,1,1,1,2,1,2,1,1,1,1,2,2,1,1,1,2,2,1,2,2,1,1,2,1,1,1,1,2,1,1,1,1,2,1,1,1,1,1,1,2,1,1,2,2,1,1,2,1,2,1,1,1,1,1,1,1,1,1,1,2,1
21,15,10,9,5,5,4,3,3,3,2,3,2,2,1,1,1,1,1,1,1,1,1,1,1,1,1,1,1,1,1,1,1,1,1,1,1,1,1,1,1,1,1,2,1,1,1,1,1,1,1,2,1,1,1,1,1,1,1,1,1,1,1,1,1,1,1,1,1,1,1,1,1,1,1,1,2,1,1,1,1,2,1,1,1,1,1,1,1,1,1,1,1,1,1,1,1,1,1,1,1,1,1,1,1,1,1,1,1,1,1,2,1,1,1,1,1,1,1,1,2,1,1,1,1,1,1,1,1,1,1,1,1,1,1,1,1,1,1,1,1,1,1,1,1,1,1,2,1,1,1,1,1,1,1,1,1,2,1,1,1,1,1,1,1,1,1,1,1,1,1,1,1,1,1,1,1
21,16,11,10,6,5,4,3,3,3,2,2,2,2,1,1,1,1,1,1,1,1,1,1,1,1,1,1,1,1,1,1,1,1,1,2,1,1,1,1,1,1,1,1,2,1,1,1,1,2,1,1,1,1,1,1,1,2,1,2,1,1,1,1,1,1,1,1,1,1,1,1,1,1,2,1,1,1,1,1,2,1,1,2,1,1,1,1,2,1,1,1,1,1,1,1,1,1,1,1,1,1,1,1,1,1,1,2,1,1,1,1,1,1,1,1,2,1,1,1,1,1,2,1,1,1,1,1,2,1,1,1,1,1,1,1,2,1,1,1,1,1,1,1,1,1,1,1,1,1,1,1,1,1,1,1,1,1,1,1,1,1,1,2,1,1,1,1,2,1,1,1,2,2,1,1,1
21,15,10,9,5,5,4,3,3,3,2,3,2,2,1,1,1,2,1,1,1,1,1,1,1,1,1,1,1,1,2,2,1,1,1,1,1,1,2,1,1,2,1,1,1,2,1,1,2,1,1,1,1,1,1,2,1,1,1,1,1,2,2,1,1,1,1,2,1,1,1,1,2,2,1,1,1,1,1,2,1,1,1,1,1,1,2,1,1,2,1,1,1,1,1,1,1,1,1,1,2,1,1,1,1,1,1,1,1,1,2,1,1,2,1,1,1,2,2,1,1,1,1,2,1,1,1,1,1,1,1,1,1,1,1,1,1,1,1,2,2,2,2,1,2,1,2,1,1,1,1,1,2,2,2,1,1,1,1,1,1,1,1,1,1,1,1,1,1,2,1,1,1,1,2,1,2
20,15,10,9,5,5,4,3,3,3,2,2,2,2,1,1,2,1,1,1,1,1,1,1,1,1,1,1,1,1,1,1,1,1,1,1,1,1,1,1,2,1,1,1,1,1,2,1,1,1,1,1,1,2,2,1,1,1,2,1,1,1,1,1,1,1,1,1,1,1,1,1,1,1,1,2,1,1,1,1,1,1,1,1,1,1,1,1,1,1,1,1,1,1,1,2,1,1,1,1,1,1,1,1,2,1,1,1,1,1,1,1,1,1,1,1,1,1,1,1,1,1,1,1,2,2,1,1,1,2,1,1,1,1,1,1,1,1,1,1,1,1,1,1,1,2,1,1,1,1,1,1,1,1,1,1,1,1,1,1,1,2,1,1,1,2,1,1,1,1,1,1,1,1,1,1,1
21,16,11,10,5,6,4,3,3,3,2,2,2,2,1,2,1,1,1,1,1,1,1,1,1,1,1,1,1,1,1,1,1,1,1,1,1,1,1,1,1,1,1,1,1,1,1,2,1,1,1,1,1,1,1,1,1,1,1,1,1,1,1,1,1,1,1,1,1,1,1,1,1,1,1,1,1,1,1,1,1,1,1,1,1,1,1,1,1,1,1,1,1,1,1,1,1,1,1,1,1,1,1,1,1,1,1,1,1,1,1,1,1,1,1,1,1,1,1,1,1,1,1,1,1,1,1,1,1,1,1,1,1,1,1,1,1,1,1,1,1,1,1,1,1,1,1,1,1,1,1,1,1,1,1,1,1,1,1,1,1,1,1,1,1,1,1,1,1,1,1,2,1,1,1,1,1
21,15,10,9,5,5,4,3,3,3,2,3,2,2,1,1,1,2,1,1,1,1,1,1,1,1,1,1,1,1,2,2,1,1,1,1,1,1,2,1,1,2,1,1,1,2,1,1,2,1,1,1,1,1,1,2,1,1,1,1,1,2,2,1,1,1,1,2,1,1,1,1,2,2,1,1,1,1,1,2,1,1,1,1,1,1,2,1,1,2,1,1,1,1,1,1,1,1,1,1,2,1,1,1,1,1,1,1,1,1,2,1,1,2,1,1,1,2,2,1,1,1,1,2,1,1,1,1,1,1,1,1,1,1,1,1,1,1,1,2,2,2,2,1,2,1,2,1,1,1,1,1,2,2,2,1,1,1,1,1,1,1,1,1,1,1,1,1,1,2,1,1,1,1,2,1,2
21,16,11,10,6,5,4,3,3,3,2,2,2,2,1,1,1,1,1,1,1,1,1,1,1,1,1,1,1,1,1,1,1,1,1,2,1,1,1,1,1,1,1,1,2,1,1,1,1,2,1,1,1,1,1,1,1,2,1,2,1,1,1,1,1,1,1,1,1,1,1,1,1,1,2,1,1,1,1,1,2,1,1,2,1,1,1,1,2,1,1,1,1,1,1,1,1,1,1,1,1,1,1,1,1,1,1,2,1,1,1,1,1,1,1,1,2,1,1,1,1,1,2,1,1,1,1,1,2,1,1,1,1,1,1,1,2,1,1,1,1,1,1,1,1,1,1,1,1,1,1,1,1,1,1,1,1,1,1,1,1,1,1,2,1,1,1,1,2,1,1,1,2,2,1,1,1
21,16,10,10,5,5,5,3,3,4,2,2,2,2,2,1,1,1,1,2,1,1,1,2,2,1,2,1,1,1,1,1,1,2,2,1,1,2,1,1,1,1,2,1,1,1,1,1,1,1,2,1,2,1,1,1,2,1,1,1,1,1,1,1,1,1,1,1,1,2,1,1,1,1,1,1,1,2,2,1,1,1,1,1,1,2,1,2,1,1,1,2,2,2,1,1,1,1,1,1,1,1,2,2,1,2,2,1,1,2,1,1,2,1,1,2,1,1,1,2,1,2,1,1,1,1,2,2,1,1,1,2,2,1,2,2,1,1,2,1,1,1,1,2,1,1,1,1,2,1,1,1,1,1,1,2,1,1,2,2,1,1,2,1,2,1,1,1,1,1,1,1,1,1,1,2,1
21,15,10,9,5,5,4,3,3,3,2,3,2,2,1,1,1,1,1,1,1,1,1,1,1,1,1,1,1,1,1,1,1,1,1,1,1,1,1,1,1,1,1,2,1,1,1,1,1,1,1,2,1,1,1,1,1,1,1,1,1,1,1,1,1,1,1,1,1,1,1,1,1,1,1,1,2,1,1,1,1,2,1,1,1,1,1,1,1,1,1,1,1,1,1,1,1,1,1,1,1,1,1,1,1,1,1,1,1,1,1,2,1,1,1,1,1,1,1,1,2,1,1,1,1,1,1,1,1,1,1,1,1,1,1,1,1,1,1,1,1,1,1,1,1,1,1,2,1,1,1,1,1,1,1,1,1,2,1,1,1,1,1,1,1,1,1,1,1,1,1,1,1,1,1,1,1
21,16,10,10,5,5,5,3,3,4,2,2,2,2,2,1,1,1,1,2,1,1,1,2,2,1,2,1,1,1,1,1,1,2,2,1,1,2,1,1,1,1,2,1,1,1,1,1,1,1,2,1,2,1,1,1,2,1,1,1,1,1,1,1,1,1,1,1,1,2,1,1,1,1,1,1,1,2,2,1,1,1,1,1,1,2,1,2,1,1,1,2,2,2,1,1,1,1,1,1,1,1,2,2,1,2,2,1,1,2,1,1,2,1,1,2,1,1,1,2,1,2,1,1,1,1,2,2,1,1,1,2,2,1,2,2,1,1,2,1,1,1,1,2,1,1,1,1,2,1,1,1,1,1,1,2,1,1,2,2,1,1,2,1,2,1,1,1,1,1,1,1,1,1,1,2,1
20,15,10,9,5,5,4,3,3,3,2,2,2,2,1,1,2,1,1,1,1,1,1,1,1,1,1,1,1,1,1,1,1,1,1,1,1,1,1,1,2,1,1,1,1,1,2,1,1,1,1,1,1,2,2,1,1,1,2,1,1,1,1,1,1,1,1,1,1,1,1,1,1,1,1,2,1,1,1,1,1,1,1,1,1,1,1,1,1,1,1,1,1,1,1,2,1,1,1,1,1,1,1,1,2,1,1,1,1,1,1,1,1,1,1,1,1,1,1,1,1,1,1,1,2,2,1,1,1,2,1,1,1,1,1,1,1,1,1,1,1,1,1,1,1,2,1,1,1,1,1,1,1,1,1,1,1,1,1,1,1,2,1,1,1,2,1,1,1,1,1,1,1,1,1,1,1
20,15,10,9,5,5,4,3,3,3,2,2,2,2,1,1,2,1,1,1,1,1,1,1,1,1,1,1,1,1,1,1,1,1,1,1,1,1,1,1,2,1,1,1,1,1,2,1,1,1,1,1,1,2,2,1,1,1,2,1,1,1,1,1,1,1,1,1,1,1,1,1,1,1,1,2,1,1,1,1,1,1,1,1,1,1,1,1,1,1,1,1,1,1,1,2,1,1,1,1,1,1,1,1,2,1,1,1,1,1,1,1,1,1,1,1,1,1,1,1,1,1,1,1,2,2,1,1,1,2,1,1,1,1,1,1,1,1,1,1,1,1,1,1,1,2,1,1,1,1,1,1,1,1,1,1,1,1,1,1,1,2,1,1,1,2,1,1,1,1,1,1,1,1,1,1,1
21,15,10,9,5,5,4,3,3,3,2,3,2,2,1,1,1,2,1,1,1,1,1,1,1,1,1,1,1,1,2,2,1,1,1,1,1,1,2,1,1,2,1,1,1,2,1,1,2,1,1,1,1,1,1,2,1,1,1,1,1,2,2,1,1,1,1,2,1,1,1,1,2,2,1,1,1,1,1,2,1,1,1,1,1,1,2,1,1,2,1,1,1,1,1,1,1,1,1,1,2,1,1,1,1,1,1,1,1,1,2,1,1,2,1,1,1,2,2,1,1,1,1,2,1,1,1,1,1,1,1,1,1,1,1,1,1,1,1,2,2,2,2,1,2,1,2,1,1,1,1,1,2,2,2,1,1,1,1,1,1,1,1,1,1,1,1,1,1,2,1,1,1,1,2,1,2
21,16,10,10,5,5,5,3,3,4,2,2,2,2,2,1,1,1,1,2,1,1,1,2,2,1,2,1,1,1,1,1,1,2,2,1,1,2,1,1,1,1,2,1,1,1,1,1,1,1,2,1,2,1,1,1,2,1,1,1,1,1,1,1,1,1,1,1,1,2,1,1,1,1,1,1,1,2,2,1,1,1,1,1,1,2,1,2,1,1,1,2,2,2,1,1,1,1,1,1,1,1,2,2,1,2,2,1,1,2,1,1,2,1,1,2,1,1,1,2,1,2,1,1,1,1,2,2,1,1,1,2,2,1,2,2,1,1,2,1,1,1,1,2,1,1,1,1,2,1,1,1,1,1,1,2,1,1,2,2,1,1,2,1,2,1,1,1,1,1,1,1,1,1,1,2,1
21,16,11,10,6,5,4,3,3,3,2,2,2,2,1,1,1,1,1,1,1,1,1,1,1,1,1,1,1,1,1,1,1,1,1,2,1,1,1,1,1,1,1,1,2,1,1,1,1,2,1,1,1,1,1,1,1,2,1,2,1,1,1,1,1,1,1,1,1,1,1,1,1,1,2,1,1,1,1,1,2,1,1,2,1,1,1,1,2,1,1,1,1,1,1,1,1,1,1,1,1,1,1,1,1,1,1,2,1,1,1,1,1,1,1,1,2,1,1,1,1,1,2,1,1,1,1,1,2,1,1,1,1,1,1,1,2,1,1,1,1,1,1,1,1,1,1,1,1,1,1,1,1,1,1,1,1,1,1,1,1,1,1,2,1,1,1,1,2,1,1,1,2,2,1,1,1
20,15,10,9,5,5,4,3,3,3,2,2,2,2,1,1,2,1,1,1,1,1,1,1,1,1,1,1,1,1,1,1,1,1,1,1,1,1,1,1,2,1,1,1,1,1,2,1,1,1,1,1,1,2,2,1,1,1,2,1,1,1,1,1,1,1,1,1,1,1,1,1,1,1,1,2,1,1,1,1,1,1,1,1,1,1,1,1,1,1,1,1,1,1,1,2,1,1,1,1,1,1,1,1,2,1,1,1,1,1,1,1,1,1,1,1,1,1,1,1,1,1,1,1,2,2,1,1,1,2,1,1,1,1,1,1,1,1,1,1,1,1,1,1,1,2,1,1,1,1,1,1,1,1,1,1,1,1,1,1,1,2,1,1,1,2,1,1,1,1,1,1,1,1,1,1,1
21,16,11,10,6,5,4,3,3,3,2,2,2,2,1,1,1,1,1,1,1,1,1,1,1,1,1,1,1,1,1,1,1,1,1,2,1,1,1,1,1,1,1,1,2,1,1,1,1,2,1,1,1,1,1,1,1,2,1,2,1,1,1,1,1,1,1,1,1,1,1,1,1,1,2,1,1,1,1,1,2,1,1,2,1,1,1,1,2,1,1,1,1,1,1,1,1,1,1,1,1,1,1,1,1,1,1,2,1,1,1,1,1,1,1,1,2,1,1,1,1,1,2,1,1,1,1,1,2,1,1,1,1,1,1,1,2,1,1,1,1,1,1,1,1,1,1,1,1,1,1,1,1,1,1,1,1,1,1,1,1,1,1,2,1,1,1,1,2,1,1,1,2,2,1,1,1
21,16,10,9,5,5,4,3,4,3,2,2,2,2,1,1,1,1,1,1,2,1,1,1,1,1,1,1,1,1,1,1,1,1,1,1,1,1,1,1,1,1,1,1,1,1,1,1,1,1,1,1,1,1,1,1,1,1,1,1,2,1,1,1,1,2,1,1,1,1,1,2,1,1,1,1,1,1,1,1,1,1,1,1,1,1,1,1,1,1,2,1,1,1,1,1,1,1,1,1,1,1,1,1,1,1,1,1,1,1,1,1,1,1,1,1,1,1,1,1,1,1,1,1,1,1,1,1,1,1,1,1,1,1,1,1,1,1,1,1,1,1,1,1,1,1,1,1,1,1,1,1,1,1,1,1,1,1,1,1,1,1,1,1,1,1,1,1,1,1,1,1,1,1,1,1,1
21,15,10,9,5,5,4,3,3,3,2,3,2,2,1,1,1,2,1,1,1,1,1,1,1,1,1,1,1,1,2,2,1,1,1,1,1,1,2,1,1,2,1,1,1,2,1,1,2,1,1,1,1,1,1,2,1,1,1,1,1,2,2,1,1,1,1,2,1,1,1,1,2,2,1,1,1,1,1,2,1,1,1,1,1,1,2,1,1,2,1,1,1,1,1,1,1,1,1,1,2,1,1,1,1,1,1,1,1,1,2,1,1,2,1,1,1,2,2,1,1,1,1,2,1,1,1,1,1,1,1,1,1,1,1,1,1,1,1,2,2,2,2,1,2,1,2,1,1,1,1,1,2,2,2,1,1,1,1,1,1,1,1,1,1,1,1,1,1,2,1,1,1,1,2,1,2
21,15,10,9,5,5,4,3,3,3,2,3,2,2,1,1,1,2,1,1,1,1,1,1,1,1,1,1,1,1,2,2,1,1,1,1,1,1,2,1,1,2,1,1,1,2,1,1,2,1,1,1,1,1,1,2,1,1,1,1,1,2,2,1,1,1,1,2,1,1,1,1,2,2,1,1,1,1,1,2,1,1,1,1,1,1,2,1,1,2,1,1,1,1,1,1,1,1,1,1,2,1,1,1,1,1,1,1,1,1,2,1,1,2,1,1,1,2,2,1,1,1,1,2,1,1,1,1,1,1,1,1,1,1,1,1,1,1,1,2,2,2,2,1,2,1,2,1,1,1,1,1,2,2,2,1,1,1,1,1,1,1,1,1,1,1,1,1,1,2,1,1,1,1,2,1,2
21,15,10,9,5,5,4,3,3,3,2,2,2,2,1,1,1,1,1,1,1,1,1,1,1,1,1,1,1,1,1,1,1,1,1,1,2,1,1,1,1,1,1,1,1,1,1,1,1,1,1,1,1,1,1,1,1,1,1,1,1,1,1,2,1,1,1,1,1,1,1,1,1,1,1,1,1,1,1,1,1,1,1,1,1,1,1,1,1,1,1,1,1,1,1,1,1,1,1,2,1,2,1,1,1,1,1,1,1,1,1,1,1,1,1,1,1,1,1,1,1,1,1,1,1,1,1,1,1,1,1,1,1,2,1,1,1,1,1,1,1,1,1,1,1,1,1,1,1,1,1,1,1,1,1,1,1,1,1,1,2,1,1,1,1,1,1,1,1,1,1,1,1,1,1,1,1
21,16,10,9,5,5,5,3,3,4,3,2,2,2,1,1,1,1,1,1,1,1,1,1,1,2,1,1,1,1,1,1,1,1,1,1,1,1,1,1,1,1,1,1,1,1,1,1,1,1,1,1,1,1,1,1,1,1,1,1,1,1,1,1,2,1,1,1,1,1,1,1,1,1,1,1,1,1,1,1,1,1,1,1,1,1,1,1,1,1,1,1,1,1,1,1,1,2,1,1,1,1,1,1,1,1,1,1,1,1,1,1,1,1,1,1,1,1,1,1,1,1,1,1,1,1,1,1,1,1,1,1,1,1,1,1,1,1,1,1,1,1,1,1,1,1,1,1,1,1,1,1,1,1,1,1,1,1,1,1,1,1,1,1,1,1,1,1,1,1,1,1,1,1,1,1,1
21,16,10,9,5,5,4,3,4,3,2,2,2,2,1,1,1,1,1,1,2,1,1,1,1,1,1,1,1,1,1,1,1,1,1,1,1,1,1,1,1,1,1,1,1,1,1,1,1,1,1,1,1,1,1,1,1,1,1,1,2,1,1,1,1,2,1,1,1,1,1,2,1,1,1,1,1,1,1,1,1,1,1,1,1,1,1,1,1,1,2,1,1,1,1,1,1,1,1,1,1,1,1,1,1,1,1,1,1,1,1,1,1,1,1,1,1,1,1,1,1,1,1,1,1,1,1,1,1,1,1,1,1,1,1,1,1,1,1,1,1,1,1,1,1,1,1,1,1,1,1,1,1,1,1,1,1,1,1,1,1,1,1,1,1,1,1,1,1,1,1,1,1,1,1,1,1
20,15,10,9,5,5,4,3,3,3,2,2,2,2,1,1,1,1,1,1,1,1,1,1,1,1,1,1,1,1,1,1,1,1,1,1,1,1,1,2,1,1,1,1,1,1,1,1,1,1,1,1,1,1,1,1,1,1,1,1,1,1,1,1,1,1,2,1,1,1,1,1,1,1,1,1,1,1,1,1,1,1,1,1,1,1,1,1,1,1,1,1,1,1,1,1,1,1,1,1,1,1,1,1,1,1,1,1,2,1,1,1,1,1,1,1,1,1,1,1,1,1,1,1,1,1,1,1,1,1,1,1,1,1,1,1,1,2,1,1,1,1,1,1,1,1,1,1,1,1,1,2,1,1,1,1,2,1,1,1,1,1,1,1,1,1,1,1,1,1,1,1,1,1,1,1,1
21,15,10,9,5,5,4,3,3,3,2,3,2,2,1,1,1,2,1,1,1,1,1,1,1,1,1,1,1,1,2,2,1,1,1,1,1,1,2,1,1,2,1,1,1,2,1,1,2,1,1,1,1,1,1,2,1,1,1,1,1,2,2,1,1,1,1,2,1,1,1,1,2,2,1,1,1,1,1,2,1,1,1,1,1,1,2,1,1,2,1,1,1,1,1,1,1,1,1,1,2,1,1,1,1,1,1,1,1,1,2,1,1,2,1,1,1,2,2,1,1,1,1,2,1,1,1,1,1,1,1,1,1,1,1,1,1,1,1,2,2,2,2,1,2,1,2,1,1,1,1,1,2,2,2,1,1,1,1,1,1,1,1,1,1,1,1,1,1,2,1,1,1,1,2,1,2
21,16,11,9,6,6,5,3,3,4,2,2,2,3,1,1,1,1,1,1,1,1,1,1,1,1,1,2,2,1,1,1,1,1,1,1,1,1,1,1,1,1,1,1,1,1,1,1,1,1,1,1,1,1,1,1,1,1,1,1,1,1,1,1,1,1,1,1,2,1,1,1,1,1,1,1,1,1,1,1,1,1,1,1,1,1,1,1,1,1,1,1,1,1,1,1,1,1,1,1,1,1,1,1,1,1,1,1,1,1,1,1,1,1,1,1,1,1,1,1,1,1,1,1,1,1,1,1,1,1,1,1,1,1,1,1,1,1,1,1,1,1,1,1,1,1,1,1,1,1,1,1,1,1,1,1,1,1,1,1,1,1,1,1,1,1,1,1,1,1,1,1,1,1,1,1,1
21,16,10,10,5,5,5,3,3,4,2,2,2,2,2,1,1,1,1,2,1,1,1,2,2,1,2,1,1,1,1,1,1,2,2,1,1,2,1,1,1,1,2,1,1,1,1,1,1,1,2,1,2,1,1,1,2,1,1,1,1,1,1,1,1,1,1,1,1,2,1,1,1,1,1,1,1,2,2,1,1,1,1,1,1,2,1,2,1,1,1,2,2,2,1,1,1,1,1,1,1,1,2,2,1,2,2,1,1,2,1,1,2,1,1,2,1,1,1,2,1,2,1,1,1,1,2,2,1,1,1,2,2,1,2,2,1,1,2,1,1,1,1,2,1,1,1,1,2,1,1,1,1,1,1,2,1,1,2,2,1,1,2,1,2,1,1,1,1,1,1,1,1,1,1,2,1
20,15,10,9,5,5,4,3,4,3,2,2,2,2,1,1,1,1,1,1,1,2,2,1,1,1,1,1,1,1,1,1,1,1,1,1,1,1,1,1,1,1,1,1,1,1,1,1,1,1,1,1,1,1,1,1,1,1,1,1,1,1,1,1,1,1,1,1,1,1,2,1,1,1,1,1,1,1,1,1,1,1,1,1,1,1,1,1,1,1,1,1,1,1,1,1,1,1,1,1,1,1,1,1,1,1,1,1,1,1,1,1,1,1,1,1,1,1,1,1,1,1,1,1,1,1,1,1,1,1,2,1,1,1,1,1,1,1,1,1,1,1,1,1,1,1,1,1,1,1,2,1,1,1,1,1,1,1,1,1,1,1,1,1,1,1,1,2,1,1,1,1,1,1,1,1,1
21,16,10,9,5,5,4,3,4,3,2,2,2,2,1,1,1,1,1,1,2,1,1,1,1,1,1,1,1,1,1,1,1,1,1,1,1,1,1,1,1,1,1,1,1,1,1,1,1,1,1,1,1,1,1,1,1,1,1,1,2,1,1,1,1,2,1,1,1,1,1,2,1,1,1,1,1,1,1,1,1,1,1,1,1,1,1,1,1,1,2,1,1,1,1,1,1,1,1,1,1,1,1,1,1,1,1,1,1,1,1,1,1,1,1,1,1,1,1,1,1,1,1,1,1,1,1,1,1,1,1,1,1,1,1,1,1,1,1,1,1,1,1,1,1,1,1,1,1,1,1,1,1,1,1,1,1,1,1,1,1,1,1,1,1,1,1,1,1,1,1,1,1,1,1,1,1
21,15,10,9,5,5,4,3,3,3,2,3,2,2,1,1,1,2,1,1,1,1,1,1,1,1,1,1,1,1,2,2,1,1,1,1,1,1,2,1,1,2,1,1,1,2,1,1,2,1,1,1,1,1,1,2,1,1,1,1,1,2,2,1,1,1,1,2,1,1,1,1,2,2,1,1,1,1,1,2,1,1,1,1,1,1,2,1,1,2,1,1,1,1,1,1,1,1,1,1,2,1,1,1,1,1,1,1,1,1,2,1,1,2,1,1,1,2,2,1,1,1,1,2,1,1,1,1,1,1,1,1,1,1,1,1,1,1,1,2,2,2,2,1,2,1,2,1,1,1,1,1,2,2,2,1,1,1,1,1,1,1,1,1,1,1,1,1,1,2,1,1,1,1,2,1,2
21,15,10,9,5,5,4,3,3,3,2,3,2,2,1,1,1,2,1,1,1,1,1,1,1,1,1,1,1,1,2,2,1,1,1,1,1,1,2,1,1,2,1,1,1,2,1,1,2,1,1,1,1,1,1,2,1,1,1,1,1,2,2,1,1,1,1,2,1,1,1,1,2,2,1,1,1,1,1,2,1,1,1,1,1,1,2,1,1,2,1,1,1,1,1,1,1,1,1,1,2,1,1,1,1,1,1,1,1,1,2,1,1,2,1,1,1,2,2,1,1,1,1,2,1,1,1,1,1,1,1,1,1,1,1,1,1,1,1,2,2,2,2,1,2,1,2,1,1,1,1,1,2,2,2,1,1,1,1,1,1,1,1,1,1,1,1,1,1,2,1,1,1,1,2,1,2
21,16,11,10,6,5,4,3,3,3,2,2,2,2,1,1,1,1,1,1,1,1,1,1,1,1,1,1,1,1,1,1,1,1,1,2,1,1,1,1,1,1,1,1,2,1,1,1,1,2,1,1,1,1,1,1,1,2,1,2,1,1,1,1,1,1,1,1,1,1,1,1,1,1,2,1,1,1,1,1,2,1,1,2,1,1,1,1,2,1,1,1,1,1,1,1,1,1,1,1,1,1,1,1,1,1,1,2,1,1,1,1,1,1,1,1,2,1,1,1,1,1,2,1,1,1,1,1,2,1,1,1,1,1,1,1,2,1,1,1,1,1,1,1,1,1,1,1,1,1,1,1,1,1,1,1,1,1,1,1,1,1,1,2,1,1,1,1,2,1,1,1,2,2,1,1,1
20,15,10,9,5,5,4,3,3,3,2,2,2,2,1,1,2,1,1,1,1,1,1,1,1,1,1,1,1,1,1,1,1,1,1,1,1,1,1,1,2,1,1,1,1,1,2,1,1,1,1,1,1,2,2,1,1,1,2,1,1,1,1,1,1,1,1,1,1,1,1,1,1,1,1,2,1,1,1,1,1,1,1,1,1,1,1,1,1,1,1,1,1,1,1,2,1,1,1,1,1,1,1,1,2,1,1,1,1,1,1,1,1,1,1,1,1,1,1,1,1,1,1,1,2,2,1,1,1,2,1,1,1,1,1,1,1,1,1,1,1,1,1,1,1,2,1,1,1,1,1,1,1,1,1,1,1,1,1,1,1,2,1,1,1,2,1,1,1,1,1,1,1,1,1,1,1
21,15,10,9,5,5,4,3,3,3,2,3,2,2,1,1,1,1,1,1,1,1,1,1,1,1,1,1,1,1,1,1,1,1,1,1,1,1,1,1,1,1,1,2,1,1,1,1,1,1,1,2,1,1,1,1,1,1,1,1,1,1,1,1,1,1,1,1,1,1,1,1,1,1,1,1,2,1,1,1,1,2,1,1,1,1,1,1,1,1,1,1,1,1,1,1,1,1,1,1,1,1,1,1,1,1,1,1,1,1,1,2,1,1,1,1,1,1,1,1,2,1,1,1,1,1,1,1,1,1,1,1,1,1,1,1,1,1,1,1,1,1,1,1,1,1,1,2,1,1,1,1,1,1,1,1,1,2,1,1,1,1,1,1,1,1,1,1,1,1,1,1,1,1,1,1,1
21,16,10,10,5,5,5,3,3,4,2,2,2,2,2,1,1,1,1,2,1,1,1,2,2,1,2,1,1,1,1,1,1,2,2,1,1,2,1,1,1,1,2,1,1,1,1,1,1,1,2,1,2,1,1,1,2,1,1,1,1,1,1,1,1,1,1,1,1,2,1,1,1,1,1,1,1,2,2,1,1,1,1,1,1,2,1,2,1,1,1,2,2,2,1,1,1,1,1,1,1,1,2,2,1,2,2,1,1,2,1,1,2,1,1,2,1,1,1,2,1,2,1,1,1,1,2,2,1,1,1,2,2,1,2,2,1,1,2,1,1,1,1,2,1,1,1,1,2,1,1,1,1,1,1,2,1,1,2,2,1,1,2,1,2,1,1,1,1,1,1,1,1,1,1,2,1
21,16,10,10,5,5,5,3,3,4,2,2,2,2,2,1,1,1,1,2,1,1,1,2,2,1,2,1,1,1,1,1,1,2,2,1,1,2,1,1,1,1,2,1,1,1,1,1,1,1,2,1,2,1,1,1,2,1,1,1,1,1,1,1,1,1,1,1,1,2,1,1,1,1,1,1,1,2,2,1,1,1,1,1,1,2,1,2,1,1,1,2,2,2,1,1,1,1,1,1,1,1,2,2,1,2,2,1,1,2,1,1,2,1,1,2,1,1,1,2,1,2,1,1,1,1,2,2,1,1,1,2,2,1,2,2,1,1,2,1,1,1,1,2,1,1,1,1,2,1,1,1,1,1,1,2,1,1,2,2,1,1,2,1,2,1,1,1,1,1,1,1,1,1,1,2,1
21,15,10,9,5,5,4,3,3,3,2,3,2,2,1,1,1,2,1,1,1,1,1,1,1,1,1,1,1,1,2,2,1,1,1,1,1,1,2,1,1,2,1,1,1,2,1,1,2,1,1,1,1,1,1,2,1,1,1,1,1,2,2,1,1,1,1,2,1,1,1,1,2,2,1,1,1,1,1,2,1,1,1,1,1,1,2,1,1,2,1,1,1,1,1,1,1,1,1,1,2,1,1,1,1,1,1,1,1,1,2,1,1,2,1,1,1,2,2,1,1,1,1,2,1,1,1,1,1,1,1,1,1,1,1,1,1,1,1,2,2,2,2,1,2,1,2,1,1,1,1,1,2,2,2,1,1,1,1,1,1,1,1,1,1,1,1,1,1,2,1,1,1,1,2,1,2
21,16,11,10,6,5,4,3,3,3,2,2,2,2,1,1,1,1,1,1,1,1,1,1,1,1,1,1,1,1,1,1,1,1,1,2,1,1,1,1,1,1,1,1,2,1,1,1,1,2,1,1,1,1,1,1,1,2,1,2,1,1,1,1,1,1,1,1,1,1,1,1,1,1,2,1,1,1,1,1,2,1,1,2,1,1,1,1,2,1,1,1,1,1,1,1,1,1,1,1,1,1,1,1,1,1,1,2,1,1,1,1,1,1,1,1,2,1,1,1,1,1,2,1,1,1,1,1,2,1,1,1,1,1,1,1,2,1,1,1,1,1,1,1,1,1,1,1,1,1,1,1,1,1,1,1,1,1,1,1,1,1,1,2,1,1,1,1,2,1,1,1,2,2,1,1,1
21,15,10,9,5,5,4,3,3,3,2,3,2,2,1,1,1,1,1,1,1,1,1,1,1,1,1,1,1,1,1,1,1,1,1,1,1,1,1,1,1,1,1,2,1,1,1,1,1,1,1,2,1,1,1,1,1,1,1,1,1,1,1,1,1,1,1,1,1,1,1,1,1,1,1,1,2,1,1,1,1,2,1,1,1,1,1,1,1,1,1,1,1,1,1,1,1,1,1,1,1,1,1,1,1,1,1,1,1,1,1,2,1,1,1,1,1,1,1,1,2,1,1,1,1,1,1,1,1,1,1,1,1,1,1,1,1,1,1,1,1,1,1,1,1,1,1,2,1,1,1,1,1,1,1,1,1,2,1,1,1,1,1,1,1,1,1,1,1,1,1,1,1,1,1,1,1
20,15,10,9,5,5,4,3,3,3,2,2,2,2,1,1,1,1,1,1,1,1,1,1,1,1,1,1,1,1,1,1,1,1,1,1,1,1,1,1,1,1,1,1,1,1,1,1,1,1,1,1,1,1,1,1,1,1,1,1,1,1,1,1,1,1,1,1,1,1,1,1,1,1,1,1,1,1,1,1,1,1,2,1,1,1,1,1,1,1,1,1,1,1,1,1,1,1,1,1,1,1,1,1,1,1,1,1,1,1,1,1,1,1,1,1,1,1,1,1,1,1,1,1,1,1,1,1,1,1,1,1,1,1,1,1,1,1,1,1,1,1,1,1,1,1,1,1,1,1,1,1,1,1,1,1,1,1,1,1,1,1,1,1,1,1,1,1,1,1,1,1,1,1,1,1,1
21,16,11,10,6,5,4,3,3,3,2,2,2,2,1,1,1,1,1,1,1,1,1,1,1,1,1,1,1,1,1,1,1,1,1,2,1,1,1,1,1,1,1,1,2,1,1,1,1,2,1,1,1,1,1,1,1,2,1,2,1,1,1,1,1,1,1,1,1,1,1,1,1,1,2,1,1,1,1,1,2,1,1,2,1,1,1,1,2,1,1,1,1,1,1,1,1,1,1,1,1,1,1,1,1,1,1,2,1,1,1,1,1,1,1,1,2,1,1,1,1,1,2,1,1,1,1,1,2,1,1,1,1,1,1,1,2,1,1,1,1,1,1,1,1,1,1,1,1,1,1,1,1,1,1,1,1,1,1,1,1,1,1,2,1,1,1,1,2,1,1,1,2,2,1,1,1
20,15,10,9,5,5,4,3,3,3,2,2,2,2,1,1,1,1,1,1,1,1,1,1,1,1,1,1,1,1,1,1,1,1,1,1,1,1,1,1,1,1,1,1,1,1,1,1,1,1,1,1,1,1,1,1,1,1,1,1,1,1,1,1,1,1,1,1,1,1,1,1,1,1,1,1,1,1,1,1,1,1,1,1,2,1,1,1,1,1,1,1,1,1,1,1,1,1,1,1,1,1,1,1,1,1,1,1,1,1,1,1,1,1,1,1,1,1,1,1,1,1,1,1,1,1,1,1,1,1,1,1,1,1,1,1,1,1,1,1,1,1,1,1,1,1,1,1,1,1,1,1,1,1,1,1,1,1,1,1,1,1,1,1,1,1,1,1,1,1,1,1,1,1,1,1,1
21,16,10,10,5,5,5,3,3,4,2,2,2,2,2,1,1,1,1,2,1,1,1,2,2,1,2,1,1,1,1,1,1,2,2,1,1,2,1,1,1,1,2,1,1,1,1,1,1,1,2,1,2,1,1,1,2,1,1,1,1,1,1,1,1,1,1,1,1,2,1,1,1,1,1,1,1,2,2,1,1,1,1,1,1,2,1,2,1,1,1,2,2,2,1,1,1,1,1,1,1,1,2,2,1,2,2,1,1,2,1,1,2,1,1,2,1,1,1,2,1,2,1,1,1,1,2,2,1,1,1,2,2,1,2,2,1,1,2,1,1,1,1,2,1,1,1,1,2,1,1,1,1,1,1,2,1,1,2,2,1,1,2,1,2,1,1,1,1,1,1,1,1,1,1,2,1
21,15,10,9,5,5,4,3,3,3,2,3,2,2,1,1,1,2,1,1,1,1,1,1,1,1,1,1,1,1,2,2,1,1,1,1,1,1,2,1,1,2,1,1,1,2,1,1,2,1,1,1,1,1,1,2,1,1,1,1,1,2,2,1,1,1,1,2,1,1,1,1,2,2,1,1,1,1,1,2,1,1,1,1,1,1,2,1,1,2,1,1,1,1,1,1,1,1,1,1,2,1,1,1,1,1,1,1,1,1,2,1,1,2,1,1,1,2,2,1,1,1,1,2,1,1,1,1,1,1,1,1,1,1,1,1,1,1,1,2,2,2,2,1,2,1,2,1,1,1,1,1,2,2,2,1,1,1,1,1,1,1,1,1,1,1,1,1,1,2,1,1,1,1,2,1,2
21,16,10,10,5,5,5,3,3,4,2,2,2,2,2,1,1,1,1,2,1,1,1,2,2,1,2,1,1,1,1,1,1,2,2,1,1,2,1,1,1,1,2,1,1,1,1,1,1,1,2,1,2,1,1,1,2,1,1,1,1,1,1,1,1,1,1,1,1,2,1,1,1,1,1,1,1,2,2,1,1,1,1,1,1,2,1,2,1,1,1,2,2,2,1,1,1,1,1,1,1,1,2,2,1,2,2,1,1,2,1,1,2,1,1,2,1,1,1,2,1,2,1,1,1,1,2,2,1,1,1,2,2,1,2,2,1,1,2,1,1,1,1,2,1,1,1,1,2,1,1,1,1,1,1,2,1,1,2,2,1,1,2,1,2,1,1,1,1,1,1,1,1,1,1,2,1
21,16,11,10,6,5,4,3,3,3,2,2,2,2,1,1,1,1,1,1,1,1,1,1,1,1,1,1,1,1,1,1,1,1,1,2,1,1,1,1,1,1,1,1,2,1,1,1,1,2,1,1,1,1,1,1,1,2,1,2,1,1,1,1,1,1,1,1,1,1,1,1,1,1,2,1,1,1,1,1,2,1,1,2,1,1,1,1,2,1,1,1,1,1,1,1,1,1,1,1,1,1,1,1,1,1,1,2,1,1,1,1,1,1,1,1,2,1,1,1,1,1,2,1,1,1,1,1,2,1,1,1,1,1,1,1,2,1,1,1,1,1,1,1,1,1,1,1,1,1,1,1,1,1,1,1,1,1,1,1,1,1,1,2,1,1,1,1,2,1,1,1,2,2,1,1,1
21,15,10,9,5,5,4,3,3,3,2,3,2,2,1,1,1,2,1,1,1,1,1,1,1,1,1,1,1,1,2,2,1,1,1,1,1,1,2,1,1,2,1,1,1,2,1,1,2,1,1,1,1,1,1,2,1,1,1,1,1,2,2,1,1,1,1,2,1,1,1,1,2,2,1,1,1,1,1,2,1,1,1,1,1,1,2,1,1,2,1,1,1,1,1,1,1,1,1,1,2,1,1,1,1,1,1,1,1,1,2,1,1,2,1,1,1,2,2,1,1,1,1,2,1,1,1,1,1,1,1,1,1,1,1,1,1,1,1,2,2,2,2,1,2,1,2,1,1,1,1,1,2,2,2,1,1,1,1,1,1,1,1,1,1,1,1,1,1,2,1,1,1,1,2,1,2
21,16,10,9,5,5,4,3,4,3,2,2,2,2,1,1,1,1,1,1,2,1,1,1,1,1,1,1,1,1,1,1,1,1,1,1,1,1,1,1,1,1,1,1,1,1,1,1,1,1,1,1,1,1,1,1,1,1,1,1,2,1,1,1,1,2,1,1,1,1,1,2,1,1,1,1,1,1,1,1,1,1,1,1,1,1,1,1,1,1,2,1,1,1,1,1,1,1,1,1,1,1,1,1,1,1,1,1,1,1,1,1,1,1,1,1,1,1,1,1,1,1,1,1,1,1,1,1,1,1,1,1,1,1,1,1,1,1,1,1,1,1,1,1,1,1,1,1,1,1,1,1,1,1,1,1,1,1,1,1,1,1,1,1,1,1,1,1,1,1,1,1,1,1,1,1,1
21,16,10,10,5,5,5,3,3,4,2,2,2,2,2,1,1,1,1,2,1,1,1,2,2,1,2,1,1,1,1,1,1,2,2,1,1,2,1,1,1,1,2,1,1,1,1,1,1,1,2,1,2,1,1,1,2,1,1,1,1,1,1,1,1,1,1,1,1,2,1,1,1,1,1,1,1,2,2,1,1,1,1,1,1,2,1,2,1,1,1,2,2,2,1,1,1,1,1,1,1,1,2,2,1,2,2,1,1,2,1,1,2,1,1,2,1,1,1,2,1,2,1,1,1,1,2,2,1,1,1,2,2,1,2,2,1,1,2,1,1,1,1,2,1,1,1,1,2,1,1,1,1,1,1,2,1,1,2,2,1,1,2,1,2,1,1,1,1,1,1,1,1,1,1,2,1
21,16,10,10,5,5,5,3,3,4,2,2,2,2,2,1,1,1,1,2,1,1,1,2,2,1,2,1,1,1,1,1,1,2,2,1,1,2,1,1,1,1,2,1,1,1,1,1,1,1,2,1,2,1,1,1,2,1,1,1,1,1,1,1,1,1,1,1,1,2,1,1,1,1,1,1,1,2,2,1,1,1,1,1,1,2,1,2,1,1,1,2,2,2,1,1,1,1,1,1,1,1,2,2,1,2,2,1,1,2,1,1,2,1,1,2,1,1,1,2,1,2,1,1,1,1,2,2,1,1,1,2,2,1,2,2,1,1,2,1,1,1,1,2,1,1,1,1,2,1,1,1,1,1,1,2,1,1,2,2,1,1,2,1,2,1,1,1,1,1,1,1,1,1,1,2,1
21,16,10,10,5,5,5,3,3,4,2,2,2,2,2,1,1,1,1,2,1,1,1,2,2,1,2,1,1,1,1,1,1,2,2,1,1,2,1,1,1,1,2,1,1,1,1,1,1,1,2,1,2,1,1,1,2,1,1,1,1,1,1,1,1,1,1,1,1,2,1,1,1,1,1,1,1,2,2,1,1,1,1,1,1,2,1,2,1,1,1,2,2,2,1,1,1,1,1,1,1,1,2,2,1,2,2,1,1,2,1,1,2,1,1,2,1,1,1,2,1,2,1,1,1,1,2,2,1,1,1,2,2,1,2,2,1,1,2,1,1,1,1,2,1,1,1,1,2,1,1,1,1,1,1,2,1,1,2,2,1,1,2,1,2,1,1,1,1,1,1,1,1,1,1,2,1
21,16,11,10,5,5,4,3,3,3,2,2,2,2,1,1,1,1,1,1,1,1,1,1,1,1,1,1,1,1,1,1,1,1,1,1,1,1,1,1,1,1,1,1,1,1,1,1,1,1,1,1,1,1,1,1,1,1,1,1,1,1,1,1,1,1,1,1,1,1,1,1,1,1,1,1,1,1,1,1,1,1,1,1,1,1,1,1,1,1,1,1,1,1,2,1,1,1,2,1,1,1,1,1,1,1,1,1,1,1,1,1,1,1,1,1,1,1,1,1,1,1,1,1,1,1,1,1,1,1,1,1,1,1,1,1,1,1,1,1,1,1,1,1,1,1,1,1,1,1,1,1,1,1,1,1,1,1,1,1,1,1,1,1,1,1,1,1,1,1,1,1,1,1,1,1,1
20,15,10,9,5,5,4,3,3,3,2,2,2,2,1,1,2,1,1,1,1,1,1,1,1,1,1,1,1,1,1,1,1,1,1,1,1,1,1,1,2,1,1,1,1,1,2,1,1,1,1,1,1,2,2,1,1,1,2,1,1,1,1,1,1,1,1,1,1,1,1,1,1,1,1,2,1,1,1,1,1,1,1,1,1,1,1,1,1,1,1,1,1,1,1,2,1,1,1,1,1,1,1,1,2,1,1,1,1,1,1,1,1,1,1,1,1,1,1,1,1,1,1,1,2,2,1,1,1,2,1,1,1,1,1,1,1,1,1,1,1,1,1,1,1,2,1,1,1,1,1,1,1,1,1,1,1,1,1,1,1,2,1,1,1,2,1,1,1,1,1,1,1,1,1,1,1
20,15,10,9,5,5,4,3,3,3,2,2,2,2,1,1,1,1,2,1,1,1,1,1,1,1,1,1,1,1,1,1,1,1,1,1,1,1,1,1,1,1,1,1,1,1,1,1,1,1,1,1,1,1,1,1,1,1,1,1,1,1,1,1,1,1,1,1,1,1,1,1,1,1,1,1,1,1,1,1,1,1,1,1,1,1,1,1,1,1,1,1,1,1,1,1,2,1,1,1,1,1,1,1,1,1,1,1,1,1,1,1,1,1,1,1,1,1,1,1,1,1,1,1,1,1,1,1,1,1,1,1,1,1,1,1,1,1,1,1,1,1,1,1,1,1,1,1,1,1,1,1,1,1,1,1,1,1,1,1,1,1,1,1,1,1,1,1,1,1,1,1,1,1,1,1,1
21,16,10,9,5,5,5,3,3,4,3,2,2,2,1,1,1,1,1,1,1,1,1,1,1,2,1,1,1,1,1,1,1,1,1,1,1,1,1,1,1,1,1,1,1,1,1,1,1,1,1,1,1,1,1,1,1,1,1,1,1,1,1,1,2,1,1,1,1,1,1,1,1,1,1,1,1,1,1,1,1,1,1,1,1,1,1,1,1,1,1,1,1,1,1,1,1,2,1,1,1,1,1,1,1,1,1,1,1,1,1,1,1,1,1,1,1,1,1,1,1,1,1,1,1,1,1,1,1,1,1,1,1,1,1,1,1,1,1,1,1,1,1,1,1,1,1,1,1,1,1,1,1,1,1,1,1,1,1,1,1,1,1,1,1,1,1,1,1,1,1,1,1,1,1,1,1
21,16,11,10,5,5,4,3,3,3,2,2,2,2,1,1,1,1,1,1,1,1,1,1,1,1,1,1,1,1,1,1,1,1,1,1,1,1,1,1,1,1,1,1,1,1,1,1,1,1,1,1,1,1,1,1,1,1,1,1,1,1,1,1,1,1,1,1,1,1,1,1,1,1,1,1,1,1,1,1,1,1,1,1,1,1,1,1,1,1,1,1,1,1,2,1,1,1,2,1,1,1,1,1,1,1,1,1,1,1,1,1,1,1,1,1,1,1,1,1,1,1,1,1,1,1,1,1,1,1,1,1,1,1,1,1,1,1,1,1,1,1,1,1,1,1,1,1,1,1,1,1,1,1,1,1,1,1,1,1,1,1,1,1,1,1,1,1,1,1,1,1,1,1,1,1,1
21,15,10,9,5,5,4,3,3,3,2,2,2,2,1,1,1,1,1,1,1,1,1,1,1,1,1,1,1,1,1,1,1,1,1,1,2,1,1,1,1,1,1,1,1,1,1,1,1,1,1,1,1,1,1,1,1,1,1,1,1,1,1,2,1,1,1,1,1,1,1,1,1,1,1,1,1,1,1,1,1,1,1,1,1,1,1,1,1,1,1,1,1,1,1,1,1,1,1,2,1,2,1,1,1,1,1,1,1,1,1,1,1,1,1,1,1,1,1,1,1,1,1,1,1,1,1,1,1,1,1,1,1,2,1,1,1,1,1,1,1,1,1,1,1,1,1,1,1,1,1,1,1,1,1,1,1,1,1,1,2,1,1,1,1,1,1,1,1,1,1,1,1,1,1,1,1
21,15,10,9,5,5,4,3,3,3,2,3,2,2,1,1,1,2,1,1,1,1,1,1,1,1,1,1,1,1,2,2,1,1,1,1,1,1,2,1,1,2,1,1,1,2,1,1,2,1,1,1,1,1,1,2,1,1,1,1,1,2,2,1,1,1,1,2,1,1,1,1,2,2,1,1,1,1,1,2,1,1,1,1,1,1,2,1,1,2,1,1,1,1,1,1,1,1,1,1,2,1,1,1,1,1,1,1,1,1,2,1,1,2,1,1,1,2,2,1,1,1,1,2,1,1,1,1,1,1,1,1,1,1,1,1,1,1,1,2,2,2,2,1,2,1,2,1,1,1,1,1,2,2,2,1,1,1,1,1,1,1,1,1,1,1,1,1,1,2,1,1,1,1,2,1,2
21,15,10,9,5,5,4,3,3,3,2,2,2,2,1,1,1,1,1,1,1,1,1,1,1,1,1,1,1,1,1,1,1,1,1,1,2,1,1,1,1,1,1,1,1,1,1,1,1,1,1,1,1,1,1,1,1,1,1,1,1,1,1,2,1,1,1,1,1,1,1,1,1,1,1,1,1,1,1,1,1,1,1,1,1,1,1,1,1,1,1,1,1,1,1,1,1,1,1,2,1,2,1,1,1,1,1,1,1,1,1,1,1,1,1,1,1,1,1,1,1,1,1,1,1,1,1,1,1,1,1,1,1,2,1,1,1,1,1,1,1,1,1,1,1,1,1,1,1,1,1,1,1,1,1,1,1,1,1,1,2,1,1,1,1,1,1,1,1,1,1,1,1,1,1,1,1
21,16,10,10,5,5,5,3,3,4,2,2,2,2,2,1,1,1,1,2,1,1,1,2,2,1,2,1,1,1,1,1,1,2,2,1,1,2,1,1,1,1,2,1,1,1,1,1,1,1,2,1,2,1,1,1,2,1,1,1,1,1,1,1,1,1,1,1,1,2,1,1,1,1,1,1,1,2,2,1,1,1,1,1,1,2,1,2,1,1,1,2,2,2,1,1,1,1,1,1,1,1,2,2,1,2,2,1,1,2,1,1,2,1,1,2,1,1,1,2,1,2,1,1,1,1,2,2,1,1,1,2,2,1,2,2,1,1,2,1,1,1,1,2,1,1,1,1,2,1,1,1,1,1,1,2,1,1,2,2,1,1,2,1,2,1,1,1,1,1,1,1,1,1,1,2,1
21,16,10,10,5,5,5,3,3,4,2,2,2,2,2,1,1,1,1,2,1,1,1,2,2,1,2,1,1,1,1,1,1,2,2,1,1,2,1,1,1,1,2,1,1,1,1,1,1,1,2,1,2,1,1,1,2,1,1,1,1,1,1,1,1,1,1,1,1,2,1,1,1,1,1,1,1,2,2,1,1,1,1,1,1,2,1,2,1,1,1,2,2,2,1,1,1,1,1,1,1,1,2,2,1,2,2,1,1,2,1,1,2,1,1,2,1,1,1,2,1,2,1,1,1,1,2,2,1,1,1,2,2,1,2,2,1,1,2,1,1,1,1,2,1,1,1,1,2,1,1,1,1,1,1,2,1,1,2,2,1,1,2,1,2,1,1,1,1,1,1,1,1,1,1,2,1
20,15,10,9,5,5,4,3,3,3,2,2,2,2,1,1,2,1,1,1,1,1,1,1,1,1,1,1,1,1,1,1,1,1,1,1,1,1,1,1,2,1,1,1,1,1,2,1,1,1,1,1,1,2,2,1,1,1,2,1,1,1,1,1,1,1,1,1,1,1,1,1,1,1,1,2,1,1,1,1,1,1,1,1,1,1,1,1,1,1,1,1,1,1,1,2,1,1,1,1,1,1,1,1,2,1,1,1,1,1,1,1,1,1,1,1,1,1,1,1,1,1,1,1,2,2,1,1,1,2,1,1,1,1,1,1,1,1,1,1,1,1,1,1,1,2,1,1,1,1,1,1,1,1,1,1,1,1,1,1,1,2,1,1,1,2,1,1,1,1,1,1,1,1,1,1,1
21,16,10,10,5,5,5,3,3,4,2,2,2,2,2,1,1,1,1,2,1,1,1,2,2,1,2,1,1,1,1,1,1,2,2,1,1,2,1,1,1,1,2,1,1,1,1,1,1,1,2,1,2,1,1,1,2,1,1,1,1,1,1,1,1,1,1,1,1,2,1,1,1,1,1,1,1,2,2,1,1,1,1,1,1,2,1,2,1,1,1,2,2,2,1,1,1,1,1,1,1,1,2,2,1,2,2,1,1,2,1,1,2,1,1,2,1,1,1,2,1,2,1,1,1,1,2,2,1,1,1,2,2,1,2,2,1,1,2,1,1,1,1,2,1,1,1,1,2,1,1,1,1,1,1,2,1,1,2,2,1,1,2,1,2,1,1,1,1,1,1,1,1,1,1,2,1
21,16,10,10,5,5,5,3,3,4,2,2,2,2,2,1,1,1,1,2,1,1,1,2,2,1,2,1,1,1,1,1,1,2,2,1,1,2,1,1,1,1,2,1,1,1,1,1,1,1,2,1,2,1,1,1,2,1,1,1,1,1,1,1,1,1,1,1,1,2,1,1,1,1,1,1,1,2,2,1,1,1,1,1,1,2,1,2,1,1,1,2,2,2,1,1,1,1,1,1,1,1,2,2,1,2,2,1,1,2,1,1,2,1,1,2,1,1,1,2,1,2,1,1,1,1,2,2,1,1,1,2,2,1,2,2,1,1,2,1,1,1,1,2,1,1,1,1,2,1,1,1,1,1,1,2,1,1,2,2,1,1,2,1,2,1,1,1,1,1,1,1,1,1,1,2,1
21,16,11,10,6,5,4,3,3,3,2,2,2,2,1,1,1,1,1,1,1,1,1,1,1,1,1,1,1,1,1,1,1,1,1,2,1,1,1,1,1,1,1,1,2,1,1,1,1,2,1,1,1,1,1,1,1,2,1,2,1,1,1,1,1,1,1,1,1,1,1,1,1,1,2,1,1,1,1,1,2,1,1,2,1,1,1,1,2,1,1,1,1,1,1,1,1,1,1,1,1,1,1,1,1,1,1,2,1,1,1,1,1,1,1,1,2,1,1,1,1,1,2,1,1,1,1,1,2,1,1,1,1,1,1,1,2,1,1,1,1,1,1,1,1,1,1,1,1,1,1,1,1,1,1,1,1,1,1,1,1,1,1,2,1,1,1,1,2,1,1,1,2,2,1,1,1
20,15,10,9,5,5,4,3,3,3,2,2,2,2,1,1,1,1,1,1,1,1,1,1,1,1,1,1,1,1,1,1,1,1,1,1,1,1,1,2,1,1,1,1,1,1,1,1,1,1,1,1,1,1,1,1,1,1,1,1,1,1,1,1,1,1,2,1,1,1,1,1,1,1,1,1,1,1,1,1,1,1,1,1,1,1,1,1,1,1,1,1,1,1,1,1,1,1,1,1,1,1,1,1,1,1,1,1,2,1,1,1,1,1,1,1,1,1,1,1,1,1,1,1,1,1,1,1,1,1,1,1,1,1,1,1,1,2,1,1,1,1,1,1,1,1,1,1,1,1,1,2,1,1,1,1,2,1,1,1,1,1,1,1,1,1,1,1,1,1,1,1,1,1,1,1,1
21,16,10,10,5,5,5,3,3,4,2,2,2,2,2,1,1,1,1,2,1,1,1,2,2,1,2,1,1,1,1,1,1,2,2,1,1,2,1,1,1,1,2,1,1,1,1,1,1,1,2,1,2,1,1,1,2,1,1,1,1,1,1,1,1,1,1,1,1,2,1,1,1,1,1,1,1,2,2,1,1,1,1,1,1,2,1,2,1,1,1,2,2,2,1,1,1,1,1,1,1,1,2,2,1,2,2,1,1,2,1,1,2,1,1,2,1,1,1,2,1,2,1,1,1,1,2,2,1,1,1,2,2,1,2,2,1,1,2,1,1,1,1,2,1,1,1,1,2,1,1,1,1,1,1,2,1,1,2,2,1,1,2,1,2,1,1,1,1,1,1,1,1,1,1,2,1
21,15,10,9,5,5,4,3,3,3,2,3,2,2,1,1,1,2,1,1,1,1,1,1,1,1,1,1,1,1,2,2,1,1,1,1,1,1,2,1,1,2,1,1,1,2,1,1,2,1,1,1,1,1,1,2,1,1,1,1,1,2,2,1,1,1,1,2,1,1,1,1,2,2,1,1,1,1,1,2,1,1,1,1,1,1,2,1,1,2,1,1,1,1,1,1,1,1,1,1,2,1,1,1,1,1,1,1,1,1,2,1,1,2,1,1,1,2,2,1,1,1,1,2,1,1,1,1,1,1,1,1,1,1,1,1,1,1,1,2,2,2,2,1,2,1,2,1,1,1,1,1,2,2,2,1,1,1,1,1,1,1,1,1,1,1,1,1,1,2,1,1,1,1,2,1,2
21,15,10,9,5,5,4,3,3,3,2,3,2,2,1,1,1,1,1,1,1,1,1,1,1,1,1,1,1,1,1,1,1,1,1,1,1,1,1,1,1,1,1,2,1,1,1,1,1,1,1,2,1,1,1,1,1,1,1,1,1,1,1,1,1,1,1,1,1,1,1,1,1,1,1,1,2,1,1,1,1,2,1,1,1,1,1,1,1,1,1,1,1,1,1,1,1,1,1,1,1,1,1,1,1,1,1,1,1,1,1,2,1,1,1,1,1,1,1,1,2,1,1,1,1,1,1,1,1,1,1,1,1,1,1,1,1,1,1,1,1,1,1,1,1,1,1,2,1,1,1,1,1,1,1,1,1,2,1,1,1,1,1,1,1,1,1,1,1,1,1,1,1,1,1,1,1
21,16,10,10,5,5,5,3,3,4,2,2,2,2,2,1,1,1,1,2,1,1,1,2,2,1,2,1,1,1,1,1,1,2,2,1,1,2,1,1,1,1,2,1,1,1,1,1,1,1,2,1,2,1,1,1,2,1,1,1,1,1,1,1,1,1,1,1,1,2,1,1,1,1,1,1,1,2,2,1,1,1,1,1,1,2,1,2,1,1,1,2,2,2,1,1,1,1,1,1,1,1,2,2,1,2,2,1,1,2,1,1,2,1,1,2,1,1,1,2,1,2,1,1,1,1,2,2,1,1,1,2,2,1,2,2,1,1,2,1,1,1,1,2,1,1,1,1,2,1,1,1,1,1,1,2,1,1,2,2,1,1,2,1,2,1,1,1,1,1,1,1,1,1,1,2,1
21,15,10,9,5,5,4,3,3,3,2,3,2,2,1,1,1,2,1,1,1,1,1,1,1,1,1,1,1,1,2,2,1,1,1,1,1,1,2,1,1,2,1,1,1,2,1,1,2,1,1,1,1,1,1,2,1,1,1,1,1,2,2,1,1,1,1,2,1,1,1,1,2,2,1,1,1,1,1,2,1,1,1,1,1,1,2,1,1,2,1,1,1,1,1,1,1,1,1,1,2,1,1,1,1,1,1,1,1,1,2,1,1,2,1,1,1,2,2,1,1,1,1,2,1,1,1,1,1,1,1,1,1,1,1,1,1,1,1,2,2,2,2,1,2,1,2,1,1,1,1,1,2,2,2,1,1,1,1,1,1,1,1,1,1,1,1,1,1,2,1,1,1,1,2,1,2
21,16,11,10,5,5,4,3,3,3,2,2,2,2,1,1,1,1,1,1,1,1,1,1,1,1,1,1,1,1,1,1,2,1,1,1,1,1,1,1,1,1,1,1,1,1,1,1,1,1,1,1,1,1,1,1,1,1,1,1,1,1,1,1,1,1,1,1,1,1,1,1,1,1,1,1,1,1,1,1,1,1,1,1,1,1,1,1,1,1,1,1,1,1,1,1,1,1,1,1,1,1,1,1,1,1,1,1,1,1,1,1,1,1,2,1,1,1,1,1,1,1,1,1,1,1,1,1,1,1,1,1,1,1,1,1,1,1,1,1,1,1,1,1,1,1,1,1,1,2,1,1,1,1,1,1,1,1,1,1,1,1,1,1,1,1,1,1,1,1,1,1,1,1,1,1,1
21,16,10,10,5,5,5,3,3,4,2,2,2,2,2,1,1,1,1,2,1,1,1,2,2,1,2,1,1,1,1,1,1,2,2,1,1,2,1,1,1,1,2,1,1,1,1,1,1,1,2,1,2,1,1,1,2,1,1,1,1,1,1,1,1,1,1,1,1,2,1,1,1,1,1,1,1,2,2,1,1,1,1,1,1,2,1,2,1,1,1,2,2,2,1,1,1,1,1,1,1,1,2,2,1,2,2,1,1,2,1,1,2,1,1,2,1,1,1,2,1,2,1,1,1,1,2,2,1,1,1,2,2,1,2,2,1,1,2,1,1,1,1,2,1,1,1,1,2,1,1,1,1,1,1,2,1,1,2,2,1,1,2,1,2,1,1,1,1,1,1,1,1,1,1,2,1
21,16,11,10,6,5,4,3,3,3,2,2,2,2,1,1,1,1,1,1,1,1,1,1,1,1,1,1,1,1,1,1,1,1,1,2,1,1,1,1,1,1,1,1,2,1,1,1,1,2,1,1,1,1,1,1,1,2,1,2,1,1,1,1,1,1,1,1,1,1,1,1,1,1,2,1,1,1,1,1,2,1,1,2,1,1,1,1,2,1,1,1,1,1,1,1,1,1,1,1,1,1,1,1,1,1,1,2,1,1,1,1,1,1,1,1,2,1,1,1,1,1,2,1,1,1,1,1,2,1,1,1,1,1,1,1,2,1,1,1,1,1,1,1,1,1,1,1,1,1,1,1,1,1,1,1,1,1,1,1,1,1,1,2,1,1,1,1,2,1,1,1,2,2,1,1,1
21,15,10,9,5,5,4,3,3,3,2,3,2,2,1,1,1,2,1,1,1,1,1,1,1,1,1,1,1,1,2,2,1,1,1,1,1,1,2,1,1,2,1,1,1,2,1,1,2,1,1,1,1,1,1,2,1,1,1,1,1,2,2,1,1,1,1,2,1,1,1,1,2,2,1,1,1,1,1,2,1,1,1,1,1,1,2,1,1,2,1,1,1,1,1,1,1,1,1,1,2,1,1,1,1,1,1,1,1,1,2,1,1,2,1,1,1,2,2,1,1,1,1,2,1,1,1,1,1,1,1,1,1,1,1,1,1,1,1,2,2,2,2,1,2,1,2,1,1,1,1,1,2,2,2,1,1,1,1,1,1,1,1,1,1,1,1,1,1,2,1,1,1,1,2,1,2
21,15,10,9,5,5,4,3,3,3,2,3,2,2,1,1,1,2,1,1,1,1,1,1,1,1,1,1,1,1,2,2,1,1,1,1,1,1,2,1,1,2,1,1,1,2,1,1,2,1,1,1,1,1,1,2,1,1,1,1,1,2,2,1,1,1,1,2,1,1,1,1,2,2,1,1,1,1,1,2,1,1,1,1,1,1,2,1,1,2,1,1,1,1,1,1,1,1,1,1,2,1,1,1,1,1,1,1,1,1,2,1,1,2,1,1,1,2,2,1,1,1,1,2,1,1,1,1,1,1,1,1,1,1,1,1,1,1,1,2,2,2,2,1,2,1,2,1,1,1,1,1,2,2,2,1,1,1,1,1,1,1,1,1,1,1,1,1,1,2,1,1,1,1,2,1,2
21,16,10,10,5,5,5,3,3,4,2,2,2,2,2,1,1,1,1,2,1,1,1,2,2,1,2,1,1,1,1,1,1,2,2,1,1,2,1,1,1,1,2,1,1,1,1,1,1,1,2,1,2,1,1,1,2,1,1,1,1,1,1,1,1,1,1,1,1,2,1,1,1,1,1,1,1,2,2,1,1,1,1,1,1,2,1,2,1,1,1,2,2,2,1,1,1,1,1,1,1,1,2,2,1,2,2,1,1,2,1,1,2,1,1,2,1,1,1,2,1,2,1,1,1,1,2,2,1,1,1,2,2,1,2,2,1,1,2,1,1,1,1,2,1,1,1,1,2,1,1,1,1,1,1,2,1,1,2,2,1,1,2,1,2,1,1,1,1,1,1,1,1,1,1,2,1
21,15,10,9,5,5,4,3,3,3,2,3,2,2,1,1,1,1,1,1,1,1,1,1,1,1,1,1,1,1,1,1,1,1,1,1,1,1,1,1,1,1,1,2,1,1,1,1,1,1,1,2,1,1,1,1,1,1,1,1,1,1,1,1,1,1,1,1,1,1,1,1,1,1,1,1,2,1,1,1,1,2,1,1,1,1,1,1,1,1,1,1,1,1,1,1,1,1,1,1,1,1,1,1,1,1,1,1,1,1,1,2,1,1,1,1,1,1,1,1,2,1,1,1,1,1,1,1,1,1,1,1,1,1,1,1,1,1,1,1,1,1,1,1,1,1,1,2,1,1,1,1,1,1,1,1,1,2,1,1,1,1,1,1,1,1,1,1,1,1,1,1,1,1,1,1,1
21,16,10,10,5,5,5,3,3,4,2,2,2,2,2,1,1,1,1,2,1,1,1,2,2,1,2,1,1,1,1,1,1,2,2,1,1,2,1,1,1,1,2,1,1,1,1,1,1,1,2,1,2,1,1,1,2,1,1,1,1,1,1,1,1,1,1,1,1,2,1,1,1,1,1,1,1,2,2,1,1,1,1,1,1,2,1,2,1,1,1,2,2,2,1,1,1,1,1,1,1,1,2,2,1,2,2,1,1,2,1,1,2,1,1,2,1,1,1,2,1,2,1,1,1,1,2,2,1,1,1,2,2,1,2,2,1,1,2,1,1,1,1,2,1,1,1,1,2,1,1,1,1,1,1,2,1,1,2,2,1,1,2,1,2,1,1,1,1,1,1,1,1,1,1,2,1
21,16,11,10,6,5,4,3,3,3,2,2,2,2,1,1,1,1,1,1,1,1,1,1,1,1,1,1,1,1,1,1,1,1,1,2,1,1,1,1,1,1,1,1,2,1,1,1,1,2,1,1,1,1,1,1,1,2,1,2,1,1,1,1,1,1,1,1,1,1,1,1,1,1,2,1,1,1,1,1,2,1,1,2,1,1,1,1,2,1,1,1,1,1,1,1,1,1,1,1,1,1,1,1,1,1,1,2,1,1,1,1,1,1,1,1,2,1,1,1,1,1,2,1,1,1,1,1,2,1,1,1,1,1,1,1,2,1,1,1,1,1,1,1,1,1,1,1,1,1,1,1,1,1,1,1,1,1,1,1,1,1,1,2,1,1,1,1,2,1,1,1,2,2,1,1,1
21,15,10,9,5,5,4,3,3,3,2,3,2,2,1,1,1,2,1,1,1,1,1,1,1,1,1,1,1,1,2,2,1,1,1,1,1,1,2,1,1,2,1,1,1,2,1,1,2,1,1,1,1,1,1,2,1,1,1,1,1,2,2,1,1,1,1,2,1,1,1,1,2,2,1,1,1,1,1,2,1,1,1,1,1,1,2,1,1,2,1,1,1,1,1,1,1,1,1,1,2,1,1,1,1,1,1,1,1,1,2,1,1,2,1,1,1,2,2,1,1,1,1,2,1,1,1,1,1,1,1,1,1,1,1,1,1,1,1,2,2,2,2,1,2,1,2,1,1,1,1,1,2,2,2,1,1,1,1,1,1,1,1,1,1,1,1,1,1,2,1,1,1,1,2,1,2
20,15,10,9,5,5,4,3,3,3,2,2,2,2,1,1,2,1,1,1,1,1,1,1,1,1,1,1,1,1,1,1,1,1,1,1,1,1,1,1,2,1,1,1,1,1,2,1,1,1,1,1,1,2,2,1,1,1,2,1,1,1,1,1,1,1,1,1,1,1,1,1,1,1,1,2,1,1,1,1,1,1,1,1,1,1,1,1,1,1,1,1,1,1,1,2,1,1,1,1,1,1,1,1,2,1,1,1,1,1,1,1,1,1,1,1,1,1,1,1,1,1,1,1,2,2,1,1,1,2,1,1,1,1,1,1,1,1,1,1,1,1,1,1,1,2,1,1,1,1,1,1,1,1,1,1,1,1,1,1,1,2,1,1,1,2,1,1,1,1,1,1,1,1,1,1,1
20,15,10,9,5,5,4,3,3,3,2,2,2,2,1,1,2,1,1,1,1,1,1,1,1,1,1,1,1,1,1,1,1,1,1,1,1,1,1,1,2,1,1,1,1,1,2,1,1,1,1,1,1,2,2,1,1,1,2,1,1,1,1,1,1,1,1,1,1,1,1,1,1,1,1,2,1,1,1,1,1,1,1,1,1,1,1,1,1,1,1,1,1,1,1,2,1,1,1,1,1,1,1,1,2,1,1,1,1,1,1,1,1,1,1,1,1,1,1,1,1,1,1,1,2,2,1,1,1,2,1,1,1,1,1,1,1,1,1,1,1,1,1,1,1,2,1,1,1,1,1,1,1,1,1,1,1,1,1,1,1,2,1,1,1,2,1,1,1,1,1,1,1,1,1,1,1
21,16,10,10,5,5,5,3,3,4,2,2,2,2,2,1,1,1,1,2,1,1,1,2,2,1,2,1,1,1,1,1,1,2,2,1,1,2,1,1,1,1,2,1,1,1,1,1,1,1,2,1,2,1,1,1,2,1,1,1,1,1,1,1,1,1,1,1,1,2,1,1,1,1,1,1,1,2,2,1,1,1,1,1,1,2,1,2,1,1,1,2,2,2,1,1,1,1,1,1,1,1,2,2,1,2,2,1,1,2,1,1,2,1,1,2,1,1,1,2,1,2,1,1,1,1,2,2,1,1,1,2,2,1,2,2,1,1,2,1,1,1,1,2,1,1,1,1,2,1,1,1,1,1,1,2,1,1,2,2,1,1,2,1,2,1,1,1,1,1,1,1,1,1,1,2,1
21,16,10,10,5,5,5,3,3,4,2,2,2,2,2,1,1,1,1,2,1,1,1,2,2,1,2,1,1,1,1,1,1,2,2,1,1,2,1,1,1,1,2,1,1,1,1,1,1,1,2,1,2,1,1,1,2,1,1,1,1,1,1,1,1,1,1,1,1,2,1,1,1,1,1,1,1,2,2,1,1,1,1,1,1,2,1,2,1,1,1,2,2,2,1,1,1,1,1,1,1,1,2,2,1,2,2,1,1,2,1,1,2,1,1,2,1,1,1,2,1,2,1,1,1,1,2,2,1,1,1,2,2,1,2,2,1,1,2,1,1,1,1,2,1,1,1,1,2,1,1,1,1,1,1,2,1,1,2,2,1,1,2,1,2,1,1,1,1,1,1,1,1,1,1,2,1
21,16,11,10,6,5,4,3,3,3,2,2,2,2,1,1,1,1,1,1,1,1,1,1,1,1,1,1,1,1,1,1,1,1,1,2,1,1,1,1,1,1,1,1,2,1,1,1,1,2,1,1,1,1,1,1,1,2,1,2,1,1,1,1,1,1,1,1,1,1,1,1,1,1,2,1,1,1,1,1,2,1,1,2,1,1,1,1,2,1,1,1,1,1,1,1,1,1,1,1,1,1,1,1,1,1,1,2,1,1,1,1,1,1,1,1,2,1,1,1,1,1,2,1,1,1,1,1,2,1,1,1,1,1,1,1,2,1,1,1,1,1,1,1,1,1,1,1,1,1,1,1,1,1,1,1,1,1,1,1,1,1,1,2,1,1,1,1,2,1,1,1,2,2,1,1,1
20,15,10,9,5,5,4,3,3,3,2,2,2,2,1,1,2,1,1,1,1,1,1,1,1,1,1,1,1,1,1,1,1,1,1,1,1,1,1,1,2,1,1,1,1,1,2,1,1,1,1,1,1,2,2,1,1,1,2,1,1,1,1,1,1,1,1,1,1,1,1,1,1,1,1,2,1,1,1,1,1,1,1,1,1,1,1,1,1,1,1,1,1,1,1,2,1,1,1,1,1,1,1,1,2,1,1,1,1,1,1,1,1,1,1,1,1,1,1,1,1,1,1,1,2,2,1,1,1,2,1,1,1,1,1,1,1,1,1,1,1,1,1,1,1,2,1,1,1,1,1,1,1,1,1,1,1,1,1,1,1,2,1,1,1,2,1,1,1,1,1,1,1,1,1,1,1
20,15,10,9,5,5,4,3,4,3,2,2,2,2,1,1,1,1,1,1,1,2,2,1,1,1,1,1,1,1,1,1,1,1,1,1,1,1,1,1,1,1,1,1,1,1,1,1,1,1,1,1,1,1,1,1,1,1,1,1,1,1,1,1,1,1,1,1,1,1,2,1,1,1,1,1,1,1,1,1,1,1,1,1,1,1,1,1,1,1,1,1,1,1,1,1,1,1,1,1,1,1,1,1,1,1,1,1,1,1,1,1,1,1,1,1,1,1,1,1,1,1,1,1,1,1,1,1,1,1,2,1,1,1,1,1,1,1,1,1,1,1,1,1,1,1,1,1,1,1,2,1,1,1,1,1,1,1,1,1,1,1,1,1,1,1,1,2,1,1,1,1,1,1,1,1,1
21,16,10,10,5,5,5,3,3,4,2,2,2,2,2,1,1,1,1,2,1,1,1,2,2,1,2,1,1,1,1,1,1,2,2,1,1,2,1,1,1,1,2,1,1,1,1,1,1,1,2,1,2,1,1,1,2,1,1,1,1,1,1,1,1,1,1,1,1,2,1,1,1,1,1,1,1,2,2,1,1,1,1,1,1,2,1,2,1,1,1,2,2,2,1,1,1,1,1,1,1,1,2,2,1,2,2,1,1,2,1,1,2,1,1,2,1,1,1,2,1,2,1,1,1,1,2,2,1,1,1,2,2,1,2,2,1,1,2,1,1,1,1,2,1,1,1,1,2,1,1,1,1,1,1,2,1,1,2,2,1,1,2,1,2,1,1,1,1,1,1,1,1,1,1,2,1
21,16,10,10,5,5,5,3,3,4,2,2,2,2,2,1,1,1,1,2,1,1,1,2,2,1,2,1,1,1,1,1,1,2,2,1,1,2,1,1,1,1,2,1,1,1,1,1,1,1,2,1,2,1,1,1,2,1,1,1,1,1,1,1,1,1,1,1,1,2,1,1,1,1,1,1,1,2,2,1,1,1,1,1,1,2,1,2,1,1,1,2,2,2,1,1,1,1,1,1,1,1,2,2,1,2,2,1,1,2,1,1,2,1,1,2,1,1,1,2,1,2,1,1,1,1,2,2,1,1,1,2,2,1,2,2,1,1,2,1,1,1,1,2,1,1,1,1,2,1,1,1,1,1,1,2,1,1,2,2,1,1,2,1,2,1,1,1,1,1,1,1,1,1,1,2,1
21,15,10,9,5,5,4,3,3,3,2,2,2,2,1,1,1,1,1,1,1,1,1,1,1,1,1,1,1,1,1,1,1,1,1,1,2,1,1,1,1,1,1,1,1,1,1,1,1,1,1,1,1,1,1,1,1,1,1,1,1,1,1,2,1,1,1,1,1,1,1,1,1,1,1,1,1,1,1,1,1,1,1,1,1,1,1,1,1,1,1,1,1,1,1,1,1,1,1,2,1,2,1,1,1,1,1,1,1,1,1,1,1,1,1,1,1,1,1,1,1,1,1,1,1,1,1,1,1,1,1,1,1,2,1,1,1,1,1,1,1,1,1,1,1,1,1,1,1,1,1,1,1,1,1,1,1,1,1,1,2,1,1,1,1,1,1,1,1,1,1,1,1,1,1,1,1
21,16,10,10,5,5,5,3,3,4,2,2,2,2,2,1,1,1,1,2,1,1,1,2,2,1,2,1,1,1,1,1,1,2,2,1,1,2,1,1,1,1,2,1,1,1,1,1,1,1,2,1,2,1,1,1,2,1,1,1,1,1,1,1,1,1,1,1,1,2,1,1,1,1,1,1,1,2,2,1,1,1,1,1,1,2,1,2,1,1,1,2,2,2,1,1,1,1,1,1,1,1,2,2,1,2,2,1,1,2,1,1,2,1,1,2,1,1,1,2,1,2,1,1,1,1,2,2,1,1,1,2,2,1,2,2,1,1,2,1,1,1,1,2,1,1,1,1,2,1,1,1,1,1,1,2,1,1,2,2,1,1,2,1,2,1,1,1,1,1,1,1,1,1,1,2,1
21,16,10,10,5,5,5,3,3,4,2,2,2,2,2,1,1,1,1,2,1,1,1,2,2,1,2,1,1,1,1,1,1,2,2,1,1,2,1,1,1,1,2,1,1,1,1,1,1,1,2,1,2,1,1,1,2,1,1,1,1,1,1,1,1,1,1,1,1,2,1,1,1,1,1,1,1,2,2,1,1,1,1,1,1,2,1,2,1,1,1,2,2,2,1,1,1,1,1,1,1,1,2,2,1,2,2,1,1,2,1,1,2,1,1,2,1,1,1,2,1,2,1,1,1,1,2,2,1,1,1,2,2,1,2,2,1,1,2,1,1,1,1,2,1,1,1,1,2,1,1,1,1,1,1,2,1,1,2,2,1,1,2,1,2,1,1,1,1,1,1,1,1,1,1,2,1
21,16,11,10,6,5,4,3,3,3,2,2,2,2,1,1,1,1,1,1,1,1,1,1,1,1,1,1,1,1,1,1,1,1,1,2,1,1,1,1,1,1,1,1,2,1,1,1,1,2,1,1,1,1,1,1,1,2,1,2,1,1,1,1,1,1,1,1,1,1,1,1,1,1,2,1,1,1,1,1,2,1,1,2,1,1,1,1,2,1,1,1,1,1,1,1,1,1,1,1,1,1,1,1,1,1,1,2,1,1,1,1,1,1,1,1,2,1,1,1,1,1,2,1,1,1,1,1,2,1,1,1,1,1,1,1,2,1,1,1,1,1,1,1,1,1,1,1,1,1,1,1,1,1,1,1,1,1,1,1,1,1,1,2,1,1,1,1,2,1,1,1,2,2,1,1,1
20,15,10,9,5,5,4,3,3,3,2,2,2,2,1,1,1,1,1,1,1,1,1,1,1,1,1,1,1,1,1,1,1,1,1,1,1,1,1,2,1,1,1,1,1,1,1,1,1,1,1,1,1,1,1,1,1,1,1,1,1,1,1,1,1,1,2,1,1,1,1,1,1,1,1,1,1,1,1,1,1,1,1,1,1,1,1,1,1,1,1,1,1,1,1,1,1,1,1,1,1,1,1,1,1,1,1,1,2,1,1,1,1,1,1,1,1,1,1,1,1,1,1,1,1,1,1,1,1,1,1,1,1,1,1,1,1,2,1,1,1,1,1,1,1,1,1,1,1,1,1,2,1,1,1,1,2,1,1,1,1,1,1,1,1,1,1,1,1,1,1,1,1,1,1,1,1
21,16,10,10,5,5,5,3,3,4,2,2,2,2,2,1,1,1,1,2,1,1,1,2,2,1,2,1,1,1,1,1,1,2,2,1,1,2,1,1,1,1,2,1,1,1,1,1,1,1,2,1,2,1,1,1,2,1,1,1,1,1,1,1,1,1,1,1,1,2,1,1,1,1,1,1,1,2,2,1,1,1,1,1,1,2,1,2,1,1,1,2,2,2,1,1,1,1,1,1,1,1,2,2,1,2,2,1,1,2,1,1,2,1,1,2,1,1,1,2,1,2,1,1,1,1,2,2,1,1,1,2,2,1,2,2,1,1,2,1,1,1,1,2,1,1,1,1,2,1,1,1,1,1,1,2,1,1,2,2,1,1,2,1,2,1,1,1,1,1,1,1,1,1,1,2,1
21,15,10,9,5,5,4,3,3,3,2,3,2,2,1,1,1,2,1,1,1,1,1,1,1,1,1,1,1,1,2,2,1,1,1,1,1,1,2,1,1,2,1,1,1,2,1,1,2,1,1,1,1,1,1,2,1,1,1,1,1,2,2,1,1,1,1,2,1,1,1,1,2,2,1,1,1,1,1,2,1,1,1,1,1,1,2,1,1,2,1,1,1,1,1,1,1,1,1,1,2,1,1,1,1,1,1,1,1,1,2,1,1,2,1,1,1,2,2,1,1,1,1,2,1,1,1,1,1,1,1,1,1,1,1,1,1,1,1,2,2,2,2,1,2,1,2,1,1,1,1,1,2,2,2,1,1,1,1,1,1,1,1,1,1,1,1,1,1,2,1,1,1,1,2,1,2
21,15,10,9,5,5,4,3,3,3,2,3,2,2,1,1,1,2,1,1,1,1,1,1,1,1,1,1,1,1,2,2,1,1,1,1,1,1,2,1,1,2,1,1,1,2,1,1,2,1,1,1,1,1,1,2,1,1,1,1,1,2,2,1,1,1,1,2,1,1,1,1,2,2,1,1,1,1,1,2,1,1,1,1,1,1,2,1,1,2,1,1,1,1,1,1,1,1,1,1,2,1,1,1,1,1,1,1,1,1,2,1,1,2,1,1,1,2,2,1,1,1,1,2,1,1,1,1,1,1,1,1,1,1,1,1,1,1,1,2,2,2,2,1,2,1,2,1,1,1,1,1,2,2,2,1,1,1,1,1,1,1,1,1,1,1,1,1,1,2,1,1,1,1,2,1,2
21,15,10,9,5,5,4,3,3,3,2,3,2,2,1,1,1,2,1,1,1,1,1,1,1,1,1,1,1,1,2,2,1,1,1,1,1,1,2,1,1,2,1,1,1,2,1,1,2,1,1,1,1,1,1,2,1,1,1,1,1,2,2,1,1,1,1,2,1,1,1,1,2,2,1,1,1,1,1,2,1,1,1,1,1,1,2,1,1,2,1,1,1,1,1,1,1,1,1,1,2,1,1,1,1,1,1,1,1,1,2,1,1,2,1,1,1,2,2,1,1,1,1,2,1,1,1,1,1,1,1,1,1,1,1,1,1,1,1,2,2,2,2,1,2,1,2,1,1,1,1,1,2,2,2,1,1,1,1,1,1,1,1,1,1,1,1,1,1,2,1,1,1,1,2,1,2
21,15,10,9,5,5,4,3,3,3,2,3,2,2,1,1,1,2,1,1,1,1,1,1,1,1,1,1,1,1,2,2,1,1,1,1,1,1,2,1,1,2,1,1,1,2,1,1,2,1,1,1,1,1,1,2,1,1,1,1,1,2,2,1,1,1,1,2,1,1,1,1,2,2,1,1,1,1,1,2,1,1,1,1,1,1,2,1,1,2,1,1,1,1,1,1,1,1,1,1,2,1,1,1,1,1,1,1,1,1,2,1,1,2,1,1,1,2,2,1,1,1,1,2,1,1,1,1,1,1,1,1,1,1,1,1,1,1,1,2,2,2,2,1,2,1,2,1,1,1,1,1,2,2,2,1,1,1,1,1,1,1,1,1,1,1,1,1,1,2,1,1,1,1,2,1,2
21,16,10,10,5,5,5,3,3,4,2,2,2,2,2,1,1,1,1,2,1,1,1,2,2,1,2,1,1,1,1,1,1,2,2,1,1,2,1,1,1,1,2,1,1,1,1,1,1,1,2,1,2,1,1,1,2,1,1,1,1,1,1,1,1,1,1,1,1,2,1,1,1,1,1,1,1,2,2,1,1,1,1,1,1,2,1,2,1,1,1,2,2,2,1,1,1,1,1,1,1,1,2,2,1,2,2,1,1,2,1,1,2,1,1,2,1,1,1,2,1,2,1,1,1,1,2,2,1,1,1,2,2,1,2,2,1,1,2,1,1,1,1,2,1,1,1,1,2,1,1,1,1,1,1,2,1,1,2,2,1,1,2,1,2,1,1,1,1,1,1,1,1,1,1,2,1
21,15,10,9,5,5,4,3,3,3,2,3,2,2,1,1,1,2,1,1,1,1,1,1,1,1,1,1,1,1,2,2,1,1,1,1,1,1,2,1,1,2,1,1,1,2,1,1,2,1,1,1,1,1,1,2,1,1,1,1,1,2,2,1,1,1,1,2,1,1,1,1,2,2,1,1,1,1,1,2,1,1,1,1,1,1,2,1,1,2,1,1,1,1,1,1,1,1,1,1,2,1,1,1,1,1,1,1,1,1,2,1,1,2,1,1,1,2,2,1,1,1,1,2,1,1,1,1,1,1,1,1,1,1,1,1,1,1,1,2,2,2,2,1,2,1,2,1,1,1,1,1,2,2,2,1,1,1,1,1,1,1,1,1,1,1,1,1,1,2,1,1,1,1,2,1,2
20,15,10,9,5,5,4,3,3,3,2,2,2,2,1,1,2,1,1,1,1,1,1,1,1,1,1,1,1,1,1,1,1,1,1,1,1,1,1,1,2,1,1,1,1,1,2,1,1,1,1,1,1,2,2,1,1,1,2,1,1,1,1,1,1,1,1,1,1,1,1,1,1,1,1,2,1,1,1,1,1,1,1,1,1,1,1,1,1,1,1,1,1,1,1,2,1,1,1,1,1,1,1,1,2,1,1,1,1,1,1,1,1,1,1,1,1,1,1,1,1,1,1,1,2,2,1,1,1,2,1,1,1,1,1,1,1,1,1,1,1,1,1,1,1,2,1,1,1,1,1,1,1,1,1,1,1,1,1,1,1,2,1,1,1,2,1,1,1,1,1,1,1,1,1,1,1
21,15,10,9,5,5,4,3,3,3,2,3,2,2,1,1,1,2,1,1,1,1,1,1,1,1,1,1,1,1,2,2,1,1,1,1,1,1,2,1,1,2,1,1,1,2,1,1,2,1,1,1,1,1,1,2,1,1,1,1,1,2,2,1,1,1,1,2,1,1,1,1,2,2,1,1,1,1,1,2,1,1,1,1,1,1,2,1,1,2,1,1,1,1,1,1,1,1,1,1,2,1,1,1,1,1,1,1,1,1,2,1,1,2,1,1,1,2,2,1,1,1,1,2,1,1,1,1,1,1,1,1,1,1,1,1,1,1,1,2,2,2,2,1,2,1,2,1,1,1,1,1,2,2,2,1,1,1,1,1,1,1,1,1,1,1,1,1,1,2,1,1,1,1,2,1,2
21,15,10,9,5,5,4,3,3,3,2,3,2,2,1,1,1,1,1,1,1,1,1,1,1,1,1,1,1,1,1,1,1,1,1,1,1,1,1,1,1,1,1,2,1,1,1,1,1,1,1,2,1,1,1,1,1,1,1,1,1,1,1,1,1,1,1,1,1,1,1,1,1,1,1,1,2,1,1,1,1,2,1,1,1,1,1,1,1,1,1,1,1,1,1,1,1,1,1,1,1,1,1,1,1,1,1,1,1,1,1,2,1,1,1,1,1,1,1,1,2,1,1,1,1,1,1,1,1,1,1,1,1,1,1,1,1,1,1,1,1,1,1,1,1,1,1,2,1,1,1,1,1,1,1,1,1,2,1,1,1,1,1,1,1,1,1,1,1,1,1,1,1,1,1,1,1
21,16,10,10,5,5,5,3,3,4,2,2,2,2,2,1,1,1,1,2,1,1,1,2,2,1,2,1,1,1,1,1,1,2,2,1,1,2,1,1,1,1,2,1,1,1,1,1,1,1,2,1,2,1,1,1,2,1,1,1,1,1,1,1,1,1,1,1,1,2,1,1,1,1,1,1,1,2,2,1,1,1,1,1,1,2,1,2,1,1,1,2,2,2,1,1,1,1,1,1,1,1,2,2,1,2,2,1,1,2,1,1,2,1,1,2,1,1,1,2,1,2,1,1,1,1,2,2,1,1,1,2,2,1,2,2,1,1,2,1,1,1,1,2,1,1,1,1,2,1,1,1,1,1,1,2,1,1,2,2,1,1,2,1,2,1,1,1,1,1,1,1,1,1,1,2,1
21,16,11,10,5,5,4,3,3,3,2,2,2,2,1,1,1,1,1,1,1,1,1,1,1,1,1,1,1,1,1,1,2,1,1,1,1,1,1,1,1,1,1,1,1,1,1,1,1,1,1,1,1,1,1,1,1,1,1,1,1,1,1,1,1,1,1,1,1,1,1,1,1,1,1,1,1,1,1,1,1,1,1,1,1,1,1,1,1,1,1,1,1,1,1,1,1,1,1,1,1,1,1,1,1,1,1,1,1,1,1,1,1,1,2,1,1,1,1,1,1,1,1,1,1,1,1,1,1,1,1,1,1,1,1,1,1,1,1,1,1,1,1,1,1,1,1,1,1,2,1,1,1,1,1,1,1,1,1,1,1,1,1,1,1,1,1,1,1,1,1,1,1,1,1,1,1
20,15,10,9,5,5,4,3,4,3,2,2,2,2,1,1,1,1,1,1,1,2,2,1,1,1,1,1,1,1,1,1,1,1,1,1,1,1,1,1,1,1,1,1,1,1,1,1,1,1,1,1,1,1,1,1,1,1,1,1,1,1,1,1,1,1,1,1,1,1,2,1,1,1,1,1,1,1,1,1,1,1,1,1,1,1,1,1,1,1,1,1,1,1,1,1,1,1,1,1,1,1,1,1,1,1,1,1,1,1,1,1,1,1,1,1,1,1,1,1,1,1,1,1,1,1,1,1,1,1,2,1,1,1,1,1,1,1,1,1,1,1,1,1,1,1,1,1,1,1,2,1,1,1,1,1,1,1,1,1,1,1,1,1,1,1,1,2,1,1,1,1,1,1,1,1,1
20,15,10,9,5,5,4,3,3,3,2,2,2,2,1,1,1,1,1,1,1,1,1,1,1,1,1,1,1,1,1,1,1,1,1,1,1,1,1,2,1,1,1,1,1,1,1,1,1,1,1,1,1,1,1,1,1,1,1,1,1,1,1,1,1,1,2,1,1,1,1,1,1,1,1,1,1,1,1,1,1,1,1,1,1,1,1,1,1,1,1,1,1,1,1,1,1,1,1,1,1,1,1,1,1,1,1,1,2,1,1,1,1,1,1,1,1,1,1,1,1,1,1,1,1,1,1,1,1,1,1,1,1,1,1,1,1,2,1,1,1,1,1,1,1,1,1,1,1,1,1,2,1,1,1,1,2,1,1,1,1,1,1,1,1,1,1,1,1,1,1,1,1,1,1,1,1
21,15,10,9,5,5,4,3,3,3,2,3,2,2,1,1,1,2,1,1,1,1,1,1,1,1,1,1,1,1,2,2,1,1,1,1,1,1,2,1,1,2,1,1,1,2,1,1,2,1,1,1,1,1,1,2,1,1,1,1,1,2,2,1,1,1,1,2,1,1,1,1,2,2,1,1,1,1,1,2,1,1,1,1,1,1,2,1,1,2,1,1,1,1,1,1,1,1,1,1,2,1,1,1,1,1,1,1,1,1,2,1,1,2,1,1,1,2,2,1,1,1,1,2,1,1,1,1,1,1,1,1,1,1,1,1,1,1,1,2,2,2,2,1,2,1,2,1,1,1,1,1,2,2,2,1,1,1,1,1,1,1,1,1,1,1,1,1,1,2,1,1,1,1,2,1,2
21,15,10,9,5,5,4,3,3,3,2,3,2,2,1,1,1,2,1,1,1,1,1,1,1,1,1,1,1,1,2,2,1,1,1,1,1,1,2,1,1,2,1,1,1,2,1,1,2,1,1,1,1,1,1,2,1,1,1,1,1,2,2,1,1,1,1,2,1,1,1,1,2,2,1,1,1,1,1,2,1,1,1,1,1,1,2,1,1,2,1,1,1,1,1,1,1,1,1,1,2,1,1,1,1,1,1,1,1,1,2,1,1,2,1,1,1,2,2,1,1,1,1,2,1,1,1,1,1,1,1,1,1,1,1,1,1,1,1,2,2,2,2,1,2,1,2,1,1,1,1,1,2,2,2,1,1,1,1,1,1,1,1,1,1,1,1,1,1,2,1,1,1,1,2,1,2
21,15,10,9,5,5,4,3,3,3,2,3,2,2,1,1,1,2,1,1,1,1,1,1,1,1,1,1,1,1,2,2,1,1,1,1,1,1,2,1,1,2,1,1,1,2,1,1,2,1,1,1,1,1,1,2,1,1,1,1,1,2,2,1,1,1,1,2,1,1,1,1,2,2,1,1,1,1,1,2,1,1,1,1,1,1,2,1,1,2,1,1,1,1,1,1,1,1,1,1,2,1,1,1,1,1,1,1,1,1,2,1,1,2,1,1,1,2,2,1,1,1,1,2,1,1,1,1,1,1,1,1,1,1,1,1,1,1,1,2,2,2,2,1,2,1,2,1,1,1,1,1,2,2,2,1,1,1,1,1,1,1,1,1,1,1,1,1,1,2,1,1,1,1,2,1,2
21,16,10,10,5,5,5,3,3,4,2,2,2,2,2,1,1,1,1,2,1,1,1,2,2,1,2,1,1,1,1,1,1,2,2,1,1,2,1,1,1,1,2,1,1,1,1,1,1,1,2,1,2,1,1,1,2,1,1,1,1,1,1,1,1,1,1,1,1,2,1,1,1,1,1,1,1,2,2,1,1,1,1,1,1,2,1,2,1,1,1,2,2,2,1,1,1,1,1,1,1,1,2,2,1,2,2,1,1,2,1,1,2,1,1,2,1,1,1,2,1,2,1,1,1,1,2,2,1,1,1,2,2,1,2,2,1,1,2,1,1,1,1,2,1,1,1,1,2,1,1,1,1,1,1,2,1,1,2,2,1,1,2,1,2,1,1,1,1,1,1,1,1,1,1,2,1
20,15,10,9,5,5,4,3,3,3,2,2,2,2,1,1,1,1,1,1,1,1,1,1,1,1,1,1,1,1,1,1,1,1,1,1,1,1,1,2,1,1,1,1,1,1,1,1,1,1,1,1,1,1,1,1,1,1,1,1,1,1,1,1,1,1,2,1,1,1,1,1,1,1,1,1,1,1,1,1,1,1,1,1,1,1,1,1,1,1,1,1,1,1,1,1,1,1,1,1,1,1,1,1,1,1,1,1,2,1,1,1,1,1,1,1,1,1,1,1,1,1,1,1,1,1,1,1,1,1,1,1,1,1,1,1,1,2,1,1,1,1,1,1,1,1,1,1,1,1,1,2,1,1,1,1,2,1,1,1,1,1,1,1,1,1,1,1,1,1,1,1,1,1,1,1,1
21,15,10,9,5,5,4,3,3,3,2,3,2,2,1,1,1,1,1,1,1,1,1,1,1,1,1,1,1,1,1,1,1,1,1,1,1,1,1,1,1,1,1,2,1,1,1,1,1,1,1,2,1,1,1,1,1,1,1,1,1,1,1,1,1,1,1,1,1,1,1,1,1,1,1,1,2,1,1,1,1,2,1,1,1,1,1,1,1,1,1,1,1,1,1,1,1,1,1,1,1,1,1,1,1,1,1,1,1,1,1,2,1,1,1,1,1,1,1,1,2,1,1,1,1,1,1,1,1,1,1,1,1,1,1,1,1,1,1,1,1,1,1,1,1,1,1,2,1,1,1,1,1,1,1,1,1,2,1,1,1,1,1,1,1,1,1,1,1,1,1,1,1,1,1,1,1
21,16,10,10,5,5,5,3,3,4,2,2,2,2,2,1,1,1,1,2,1,1,1,2,2,1,2,1,1,1,1,1,1,2,2,1,1,2,1,1,1,1,2,1,1,1,1,1,1,1,2,1,2,1,1,1,2,1,1,1,1,1,1,1,1,1,1,1,1,2,1,1,1,1,1,1,1,2,2,1,1,1,1,1,1,2,1,2,1,1,1,2,2,2,1,1,1,1,1,1,1,1,2,2,1,2,2,1,1,2,1,1,2,1,1,2,1,1,1,2,1,2,1,1,1,1,2,2,1,1,1,2,2,1,2,2,1,1,2,1,1,1,1,2,1,1,1,1,2,1,1,1,1,1,1,2,1,1,2,2,1,1,2,1,2,1,1,1,1,1,1,1,1,1,1,2,1
21,16,10,10,5,5,5,3,3,4,2,2,2,2,2,1,1,1,1,2,1,1,1,2,2,1,2,1,1,1,1,1,1,2,2,1,1,2,1,1,1,1,2,1,1,1,1,1,1,1,2,1,2,1,1,1,2,1,1,1,1,1,1,1,1,1,1,1,1,2,1,1,1,1,1,1,1,2,2,1,1,1,1,1,1,2,1,2,1,1,1,2,2,2,1,1,1,1,1,1,1,1,2,2,1,2,2,1,1,2,1,1,2,1,1,2,1,1,1,2,1,2,1,1,1,1,2,2,1,1,1,2,2,1,2,2,1,1,2,1,1,1,1,2,1,1,1,1,2,1,1,1,1,1,1,2,1,1,2,2,1,1,2,1,2,1,1,1,1,1,1,1,1,1,1,2,1
21,15,10,9,5,5,4,3,3,3,2,2,2,2,1,1,1,1,1,1,1,1,1,1,1,1,1,1,1,1,1,1,1,1,1,1,2,1,1,1,1,1,1,1,1,1,1,1,1,1,1,1,1,1,1,1,1,1,1,1,1,1,1,2,1,1,1,1,1,1,1,1,1,1,1,1,1,1,1,1,1,1,1,1,1,1,1,1,1,1,1,1,1,1,1,1,1,1,1,2,1,2,1,1,1,1,1,1,1,1,1,1,1,1,1,1,1,1,1,1,1,1,1,1,1,1,1,1,1,1,1,1,1,2,1,1,1,1,1,1,1,1,1,1,1,1,1,1,1,1,1,1,1,1,1,1,1,1,1,1,2,1,1,1,1,1,1,1,1,1,1,1,1,1,1,1,1
20,15,10,9,5,5,4,3,3,3,2,2,2,2,1,1,2,1,1,1,1,1,1,1,1,1,1,1,1,1,1,1,1,1,1,1,1,1,1,1,2,1,1,1,1,1,2,1,1,1,1,1,1,2,2,1,1,1,2,1,1,1,1,1,1,1,1,1,1,1,1,1,1,1,1,2,1,1,1,1,1,1,1,1,1,1,1,1,1,1,1,1,1,1,1,2,1,1,1,1,1,1,1,1,2,1,1,1,1,1,1,1,1,1,1,1,1,1,1,1,1,1,1,1,2,2,1,1,1,2,1,1,1,1,1,1,1,1,1,1,1,1,1,1,1,2,1,1,1,1,1,1,1,1,1,1,1,1,1,1,1,2,1,1,1,2,1,1,1,1,1,1,1,1,1,1,1
21,16,10,10,5,5,5,3,3,4,2,2,2,2,2,1,1,1,1,2,1,1,1,2,2,1,2,1,1,1,1,1,1,2,2,1,1,2,1,1,1,1,2,1,1,1,1,1,1,1,2,1,2,1,1,1,2,1,1,1,1,1,1,1,1,1,1,1,1,2,1,1,1,1,1,1,1,2,2,1,1,1,1,1,1,2,1,2,1,1,1,2,2,2,1,1,1,1,1,1,1,1,2,2,1,2,2,1,1,2,1,1,2,1,1,2,1,1,1,2,1,2,1,1,1,1,2,2,1,1,1,2,2,1,2,2,1,1,2,1,1,1,1,2,1,1,1,1,2,1,1,1,1,1,1,2,1,1,2,2,1,1,2,1,2,1,1,1,1,1,1,1,1,1,1,2,1
21,16,11,10,6,5,4,3,3,3,2,2,2,2,1,1,1,1,1,1,1,1,1,1,1,1,1,1,1,1,1,1,1,1,1,2,1,1,1,1,1,1,1,1,2,1,1,1,1,2,1,1,1,1,1,1,1,2,1,2,1,1,1,1,1,1,1,1,1,1,1,1,1,1,2,1,1,1,1,1,2,1,1,2,1,1,1,1,2,1,1,1,1,1,1,1,1,1,1,1,1,1,1,1,1,1,1,2,1,1,1,1,1,1,1,1,2,1,1,1,1,1,2,1,1,1,1,1,2,1,1,1,1,1,1,1,2,1,1,1,1,1,1,1,1,1,1,1,1,1,1,1,1,1,1,1,1,1,1,1,1,1,1,2,1,1,1,1,2,1,1,1,2,2,1,1,1
21,16,10,10,5,5,5,3,3,4,2,2,2,2,2,1,1,1,1,2,1,1,1,2,2,1,2,1,1,1,1,1,1,2,2,1,1,2,1,1,1,1,2,1,1,1,1,1,1,1,2,1,2,1,1,1,2,1,1,1,1,1,1,1,1,1,1,1,1,2,1,1,1,1,1,1,1,2,2,1,1,1,1,1,1,2,1,2,1,1,1,2,2,2,1,1,1,1,1,1,1,1,2,2,1,2,2,1,1,2,1,1,2,1,1,2,1,1,1,2,1,2,1,1,1,1,2,2,1,1,1,2,2,1,2,2,1,1,2,1,1,1,1,2,1,1,1,1,2,1,1,1,1,1,1,2,1,1,2,2,1,1,2,1,2,1,1,1,1,1,1,1,1,1,1,2,1
20,15,10,9,5,5,4,3,3,3,2,2,2,2,1,1,2,1,1,1,1,1,1,1,1,1,1,1,1,1,1,1,1,1,1,1,1,1,1,1,2,1,1,1,1,1,2,1,1,1,1,1,1,2,2,1,1,1,2,1,1,1,1,1,1,1,1,1,1,1,1,1,1,1,1,2,1,1,1,1,1,1,1,1,1,1,1,1,1,1,1,1,1,1,1,2,1,1,1,1,1,1,1,1,2,1,1,1,1,1,1,1,1,1,1,1,1,1,1,1,1,1,1,1,2,2,1,1,1,2,1,1,1,1,1,1,1,1,1,1,1,1,1,1,1,2,1,1,1,1,1,1,1,1,1,1,1,1,1,1,1,2,1,1,1,2,1,1,1,1,1,1,1,1,1,1,1
21,16,11,10,6,6,4,4,4,3,2,2,2,2,1,1,1,1,1,1,1,1,1,1,1,1,1,1,1,1,1,1,1,1,1,1,1,1,1,1,1,1,1,1,1,1,1,1,1,1,1,1,1,1,1,1,1,1,1,1,1,1,1,1,1,1,1,1,1,1,1,1,1,1,1,1,1,1,1,1,1,1,1,1,1,1,1,1,1,1,1,1,1,1,1,1,1,1,1,1,1,1,1,1,1,1,1,1,1,1,1,1,1,1,1,1,1,1,1,1,1,1,1,1,1,1,1,1,1,1,1,1,1,1,1,1,1,1,1,1,1,1,1,1,1,1,1,1,1,1,1,1,1,1,1,1,1,1,1,1,1,1,1,1,1,1,2,1,1,1,1,1,1,1,1,1,1
20,15,10,9,5,5,4,3,4,3,2,2,2,2,1,1,1,1,1,1,1,2,2,1,1,1,1,1,1,1,1,1,1,1,1,1,1,1,1,1,1,1,1,1,1,1,1,1,1,1,1,1,1,1,1,1,1,1,1,1,1,1,1,1,1,1,1,1,1,1,2,1,1,1,1,1,1,1,1,1,1,1,1,1,1,1,1,1,1,1,1,1,1,1,1,1,1,1,1,1,1,1,1,1,1,1,1,1,1,1,1,1,1,1,1,1,1,1,1,1,1,1,1,1,1,1,1,1,1,1,2,1,1,1,1,1,1,1,1,1,1,1,1,1,1,1,1,1,1,1,2,1,1,1,1,1,1,1,1,1,1,1,1,1,1,1,1,2,1,1,1,1,1,1,1,1,1
21,16,11,10,6,5,4,3,3,3,2,2,2,2,1,1,1,1,1,1,1,1,1,1,1,1,1,1,1,1,1,1,1,1,1,2,1,1,1,1,1,1,1,1,2,1,1,1,1,2,1,1,1,1,1,1,1,2,1,2,1,1,1,1,1,1,1,1,1,1,1,1,1,1,2,1,1,1,1,1,2,1,1,2,1,1,1,1,2,1,1,1,1,1,1,1,1,1,1,1,1,1,1,1,1,1,1,2,1,1,1,1,1,1,1,1,2,1,1,1,1,1,2,1,1,1,1,1,2,1,1,1,1,1,1,1,2,1,1,1,1,1,1,1,1,1,1,1,1,1,1,1,1,1,1,1,1,1,1,1,1,1,1,2,1,1,1,1,2,1,1,1,2,2,1,1,1
21,15,10,9,5,5,4,3,3,3,2,3,2,2,1,1,1,2,1,1,1,1,1,1,1,1,1,1,1,1,2,2,1,1,1,1,1,1,2,1,1,2,1,1,1,2,1,1,2,1,1,1,1,1,1,2,1,1,1,1,1,2,2,1,1,1,1,2,1,1,1,1,2,2,1,1,1,1,1,2,1,1,1,1,1,1,2,1,1,2,1,1,1,1,1,1,1,1,1,1,2,1,1,1,1,1,1,1,1,1,2,1,1,2,1,1,1,2,2,1,1,1,1,2,1,1,1,1,1,1,1,1,1,1,1,1,1,1,1,2,2,2,2,1,2,1,2,1,1,1,1,1,2,2,2,1,1,1,1,1,1,1,1,1,1,1,1,1,1,2,1,1,1,1,2,1,2
21,16,10,9,5,5,5,3,3,3,3,2,2,2,1,1,1,1,1,1,1,1,1,1,1,1,1,1,1,2,1,1,1,1,1,1,1,1,1,1,1,1,1,1,1,1,1,1,1,1,1,1,1,1,1,1,1,1,1,1,1,1,1,1,1,1,1,1,1,1,1,1,1,1,1,1,1,1,1,1,1,1,1,1,1,1,1,1,1,1,1,1,1,1,1,1,1,1,1,1,1,1,1,1,1,1,1,1,1,1,1,1,1,1,1,1,1,1,1,1,1,1,1,1,1,1,1,1,1,1,1,1,1,1,1,1,1,1,1,1,1,1,1,1,1,1,1,1,1,1,1,1,1,1,1,1,1,1,1,1,1,1,1,1,1,1,1,1,1,1,2,1,1,1,1,1,1
21,16,11,10,5,6,4,3,3,3,2,2,2,2,1,2,1,1,1,1,1,1,1,1,1,1,1,1,1,1,1,1,1,1,1,1,1,1,1,1,1,1,1,1,1,1,1,2,1,1,1,1,1,1,1,1,1,1,1,1,1,1,1,1,1,1,1,1,1,1,1,1,1,1,1,1,1,1,1,1,1,1,1,1,1,1,1,1,1,1,1,1,1,1,1,1,1,1,1,1,1,1,1,1,1,1,1,1,1,1,1,1,1,1,1,1,1,1,1,1,1,1,1,1,1,1,1,1,1,1,1,1,1,1,1,1,1,1,1,1,1,1,1,1,1,1,1,1,1,1,1,1,1,1,1,1,1,1,1,1,1,1,1,1,1,1,1,1,1,1,1,2,1,1,1,1,1
21,16,11,10,6,5,4,3,3,3,2,2,2,2,1,1,1,1,1,1,1,1,1,1,1,1,1,1,1,1,1,1,1,1,1,2,1,1,1,1,1,1,1,1,2,1,1,1,1,2,1,1,1,1,1,1,1,2,1,2,1,1,1,1,1,1,1,1,1,1,1,1,1,1,2,1,1,1,1,1,2,1,1,2,1,1,1,1,2,1,1,1,1,1,1,1,1,1,1,1,1,1,1,1,1,1,1,2,1,1,1,1,1,1,1,1,2,1,1,1,1,1,2,1,1,1,1,1,2,1,1,1,1,1,1,1,2,1,1,1,1,1,1,1,1,1,1,1,1,1,1,1,1,1,1,1,1,1,1,1,1,1,1,2,1,1,1,1,2,1,1,1,2,2,1,1,1
21,16,11,10,6,5,4,3,3,3,2,2,2,2,1,1,1,1,1,1,1,1,1,1,1,1,1,1,1,1,1,1,1,1,1,2,1,1,1,1,1,1,1,1,2,1,1,1,1,2,1,1,1,1,1,1,1,2,1,2,1,1,1,1,1,1,1,1,1,1,1,1,1,1,2,1,1,1,1,1,2,1,1,2,1,1,1,1,2,1,1,1,1,1,1,1,1,1,1,1,1,1,1,1,1,1,1,2,1,1,1,1,1,1,1,1,2,1,1,1,1,1,2,1,1,1,1,1,2,1,1,1,1,1,1,1,2,1,1,1,1,1,1,1,1,1,1,1,1,1,1,1,1,1,1,1,1,1,1,1,1,1,1,2,1,1,1,1,2,1,1,1,2,2,1,1,1
21,15,10,9,5,5,4,3,3,3,2,3,2,2,1,1,1,2,1,1,1,1,1,1,1,1,1,1,1,1,2,2,1,1,1,1,1,1,2,1,1,2,1,1,1,2,1,1,2,1,1,1,1,1,1,2,1,1,1,1,1,2,2,1,1,1,1,2,1,1,1,1,2,2,1,1,1,1,1,2,1,1,1,1,1,1,2,1,1,2,1,1,1,1,1,1,1,1,1,1,2,1,1,1,1,1,1,1,1,1,2,1,1,2,1,1,1,2,2,1,1,1,1,2,1,1,1,1,1,1,1,1,1,1,1,1,1,1,1,2,2,2,2,1,2,1,2,1,1,1,1,1,2,2,2,1,1,1,1,1,1,1,1,1,1,1,1,1,1,2,1,1,1,1,2,1,2
21,16,10,10,5,5,5,3,3,4,2,2,2,2,2,1,1,1,1,2,1,1,1,2,2,1,2,1,1,1,1,1,1,2,2,1,1,2,1,1,1,1,2,1,1,1,1,1,1,1,2,1,2,1,1,1,2,1,1,1,1,1,1,1,1,1,1,1,1,2,1,1,1,1,1,1,1,2,2,1,1,1,1,1,1,2,1,2,1,1,1,2,2,2,1,1,1,1,1,1,1,1,2,2,1,2,2,1,1,2,1,1,2,1,1,2,1,1,1,2,1,2,1,1,1,1,2,2,1,1,1,2,2,1,2,2,1,1,2,1,1,1,1,2,1,1,1,1,2,1,1,1,1,1,1,2,1,1,2,2,1,1,2,1,2,1,1,1,1,1,1,1,1,1,1,2,1
21,15,10,9,5,5,4,3,3,3,2,3,2,2,1,1,1,2,1,1,1,1,1,1,1,1,1,1,1,1,2,2,1,1,1,1,1,1,2,1,1,2,1,1,1,2,1,1,2,1,1,1,1,1,1,2,1,1,1,1,1,2,2,1,1,1,1,2,1,1,1,1,2,2,1,1,1,1,1,2,1,1,1,1,1,1,2,1,1,2,1,1,1,1,1,1,1,1,1,1,2,1,1,1,1,1,1,1,1,1,2,1,1,2,1,1,1,2,2,1,1,1,1,2,1,1,1,1,1,1,1,1,1,1,1,1,1,1,1,2,2,2,2,1,2,1,2,1,1,1,1,1,2,2,2,1,1,1,1,1,1,1,1,1,1,1,1,1,1,2,1,1,1,1,2,1,2
